"","Y","W","K","R","G"
"1",0,1,1,1,1
"2",0,1,2,1,1
"3",0,1,3,1,1
"4",1,1,4,1,1
"5",0,1,5,1,1
"6",0,1,6,1,1
"7",0,1,7,1,1
"8",0,1,8,1,1
"9",1,1,9,1,1
"10",0,1,10,1,1
"11",1,1,1,2,1
"12",1,1,2,2,1
"13",0,1,3,2,1
"14",1,1,4,2,1
"15",1,1,5,2,1
"16",0,1,6,2,1
"17",1,1,7,2,1
"18",1,1,8,2,1
"19",1,1,9,2,1
"20",1,1,10,2,1
"21",0,1,1,3,1
"22",0,1,2,3,1
"23",0,1,3,3,1
"24",1,1,4,3,1
"25",1,1,5,3,1
"26",0,1,6,3,1
"27",0,1,7,3,1
"28",1,1,8,3,1
"29",1,1,9,3,1
"30",0,1,10,3,1
"31",1,1,1,4,1
"32",1,1,2,4,1
"33",0,1,3,4,1
"34",1,1,4,4,1
"35",1,1,5,4,1
"36",0,1,6,4,1
"37",1,1,7,4,1
"38",1,1,8,4,1
"39",0,1,9,4,1
"40",1,1,10,4,1
"41",1,1,1,5,1
"42",0,1,2,5,1
"43",0,1,3,5,1
"44",1,1,4,5,1
"45",1,1,5,5,1
"46",0,1,6,5,1
"47",1,1,7,5,1
"48",1,1,8,5,1
"49",0,1,9,5,1
"50",0,1,10,5,1
"51",0,1,1,6,2
"52",0,1,2,6,2
"53",0,1,3,6,2
"54",0,1,4,6,2
"55",0,1,5,6,2
"56",0,1,6,6,2
"57",0,1,7,6,2
"58",0,1,8,6,2
"59",0,1,9,6,2
"60",0,1,10,6,2
"61",0,1,1,7,2
"62",0,1,2,7,2
"63",0,1,3,7,2
"64",0,1,4,7,2
"65",0,1,5,7,2
"66",0,1,6,7,2
"67",0,1,7,7,2
"68",0,1,8,7,2
"69",0,1,9,7,2
"70",0,1,10,7,2
"71",0,1,1,8,2
"72",1,1,2,8,2
"73",0,1,3,8,2
"74",1,1,4,8,2
"75",1,1,5,8,2
"76",0,1,6,8,2
"77",0,1,7,8,2
"78",0,1,8,8,2
"79",0,1,9,8,2
"80",0,1,10,8,2
"81",0,1,1,9,2
"82",1,1,2,9,2
"83",0,1,3,9,2
"84",1,1,4,9,2
"85",1,1,5,9,2
"86",1,1,6,9,2
"87",0,1,7,9,2
"88",0,1,8,9,2
"89",1,1,9,9,2
"90",0,1,10,9,2
"91",1,1,1,10,2
"92",1,1,2,10,2
"93",1,1,3,10,2
"94",1,1,4,10,2
"95",1,1,5,10,2
"96",1,1,6,10,2
"97",1,1,7,10,2
"98",1,1,8,10,2
"99",1,1,9,10,2
"100",1,1,10,10,2
"101",1,2,1,11,3
"102",1,2,2,11,3
"103",1,2,3,11,3
"104",1,2,4,11,3
"105",1,2,5,11,3
"106",1,2,6,11,3
"107",1,2,7,11,3
"108",1,2,8,11,3
"109",1,2,9,11,3
"110",1,2,10,11,3
"111",1,2,1,12,3
"112",1,2,2,12,3
"113",1,2,3,12,3
"114",1,2,4,12,3
"115",1,2,5,12,3
"116",1,2,6,12,3
"117",1,2,7,12,3
"118",1,2,8,12,3
"119",1,2,9,12,3
"120",1,2,10,12,3
"121",0,2,1,13,3
"122",1,2,2,13,3
"123",1,2,3,13,3
"124",1,2,4,13,3
"125",1,2,5,13,3
"126",1,2,6,13,3
"127",1,2,7,13,3
"128",1,2,8,13,3
"129",0,2,9,13,3
"130",1,2,10,13,3
"131",0,2,1,14,3
"132",0,2,2,14,3
"133",0,2,3,14,3
"134",1,2,4,14,3
"135",0,2,5,14,3
"136",0,2,6,14,3
"137",1,2,7,14,3
"138",1,2,8,14,3
"139",0,2,9,14,3
"140",1,2,10,14,3
"141",0,2,1,15,3
"142",0,2,2,15,3
"143",0,2,3,15,3
"144",0,2,4,15,3
"145",0,2,5,15,3
"146",0,2,6,15,3
"147",0,2,7,15,3
"148",0,2,8,15,3
"149",0,2,9,15,3
"150",0,2,10,15,3
"151",0,2,1,16,4
"152",0,2,2,16,4
"153",0,2,3,16,4
"154",1,2,4,16,4
"155",1,2,5,16,4
"156",0,2,6,16,4
"157",1,2,7,16,4
"158",1,2,8,16,4
"159",0,2,9,16,4
"160",1,2,10,16,4
"161",0,2,1,17,4
"162",1,2,2,17,4
"163",0,2,3,17,4
"164",1,2,4,17,4
"165",1,2,5,17,4
"166",0,2,6,17,4
"167",0,2,7,17,4
"168",0,2,8,17,4
"169",0,2,9,17,4
"170",0,2,10,17,4
"171",1,2,1,18,4
"172",1,2,2,18,4
"173",1,2,3,18,4
"174",1,2,4,18,4
"175",1,2,5,18,4
"176",1,2,6,18,4
"177",1,2,7,18,4
"178",1,2,8,18,4
"179",1,2,9,18,4
"180",1,2,10,18,4
"181",1,2,1,19,4
"182",1,2,2,19,4
"183",1,2,3,19,4
"184",1,2,4,19,4
"185",1,2,5,19,4
"186",1,2,6,19,4
"187",1,2,7,19,4
"188",1,2,8,19,4
"189",1,2,9,19,4
"190",1,2,10,19,4
"191",1,2,1,20,4
"192",0,2,2,20,4
"193",0,2,3,20,4
"194",1,2,4,20,4
"195",1,2,5,20,4
"196",0,2,6,20,4
"197",1,2,7,20,4
"198",1,2,8,20,4
"199",1,2,9,20,4
"200",1,2,10,20,4
"201",1,3,1,21,5
"202",1,3,2,21,5
"203",0,3,3,21,5
"204",1,3,4,21,5
"205",1,3,5,21,5
"206",1,3,6,21,5
"207",1,3,7,21,5
"208",1,3,8,21,5
"209",0,3,9,21,5
"210",1,3,10,21,5
"211",1,3,1,22,5
"212",1,3,2,22,5
"213",0,3,3,22,5
"214",1,3,4,22,5
"215",1,3,5,22,5
"216",0,3,6,22,5
"217",1,3,7,22,5
"218",0,3,8,22,5
"219",1,3,9,22,5
"220",0,3,10,22,5
"221",0,3,1,23,5
"222",1,3,2,23,5
"223",1,3,3,23,5
"224",1,3,4,23,5
"225",1,3,5,23,5
"226",1,3,6,23,5
"227",1,3,7,23,5
"228",1,3,8,23,5
"229",1,3,9,23,5
"230",1,3,10,23,5
"231",0,3,1,24,5
"232",0,3,2,24,5
"233",0,3,3,24,5
"234",0,3,4,24,5
"235",0,3,5,24,5
"236",0,3,6,24,5
"237",0,3,7,24,5
"238",0,3,8,24,5
"239",0,3,9,24,5
"240",0,3,10,24,5
"241",0,3,1,25,5
"242",1,3,2,25,5
"243",0,3,3,25,5
"244",0,3,4,25,5
"245",1,3,5,25,5
"246",0,3,6,25,5
"247",0,3,7,25,5
"248",0,3,8,25,5
"249",0,3,9,25,5
"250",1,3,10,25,5
"251",0,3,1,26,6
"252",0,3,2,26,6
"253",0,3,3,26,6
"254",1,3,4,26,6
"255",1,3,5,26,6
"256",0,3,6,26,6
"257",1,3,7,26,6
"258",1,3,8,26,6
"259",0,3,9,26,6
"260",1,3,10,26,6
"261",1,3,1,27,6
"262",1,3,2,27,6
"263",1,3,3,27,6
"264",1,3,4,27,6
"265",1,3,5,27,6
"266",1,3,6,27,6
"267",1,3,7,27,6
"268",1,3,8,27,6
"269",1,3,9,27,6
"270",1,3,10,27,6
"271",1,3,1,28,6
"272",1,3,2,28,6
"273",1,3,3,28,6
"274",1,3,4,28,6
"275",1,3,5,28,6
"276",1,3,6,28,6
"277",1,3,7,28,6
"278",1,3,8,28,6
"279",1,3,9,28,6
"280",1,3,10,28,6
"281",0,3,1,29,6
"282",1,3,2,29,6
"283",1,3,3,29,6
"284",1,3,4,29,6
"285",1,3,5,29,6
"286",1,3,6,29,6
"287",1,3,7,29,6
"288",1,3,8,29,6
"289",1,3,9,29,6
"290",1,3,10,29,6
"291",1,3,1,30,6
"292",1,3,2,30,6
"293",1,3,3,30,6
"294",1,3,4,30,6
"295",1,3,5,30,6
"296",1,3,6,30,6
"297",1,3,7,30,6
"298",1,3,8,30,6
"299",1,3,9,30,6
"300",1,3,10,30,6
"301",1,4,1,31,7
"302",1,4,2,31,7
"303",1,4,3,31,7
"304",1,4,4,31,7
"305",1,4,5,31,7
"306",1,4,6,31,7
"307",1,4,7,31,7
"308",1,4,8,31,7
"309",1,4,9,31,7
"310",1,4,10,31,7
"311",1,4,1,32,7
"312",1,4,2,32,7
"313",1,4,3,32,7
"314",1,4,4,32,7
"315",1,4,5,32,7
"316",0,4,6,32,7
"317",1,4,7,32,7
"318",1,4,8,32,7
"319",1,4,9,32,7
"320",1,4,10,32,7
"321",0,4,1,33,7
"322",0,4,2,33,7
"323",0,4,3,33,7
"324",0,4,4,33,7
"325",0,4,5,33,7
"326",0,4,6,33,7
"327",0,4,7,33,7
"328",0,4,8,33,7
"329",0,4,9,33,7
"330",0,4,10,33,7
"331",1,4,1,34,7
"332",1,4,2,34,7
"333",1,4,3,34,7
"334",1,4,4,34,7
"335",1,4,5,34,7
"336",1,4,6,34,7
"337",1,4,7,34,7
"338",1,4,8,34,7
"339",1,4,9,34,7
"340",1,4,10,34,7
"341",1,4,1,35,7
"342",1,4,2,35,7
"343",1,4,3,35,7
"344",1,4,4,35,7
"345",1,4,5,35,7
"346",1,4,6,35,7
"347",1,4,7,35,7
"348",1,4,8,35,7
"349",1,4,9,35,7
"350",1,4,10,35,7
"351",1,4,1,36,8
"352",0,4,2,36,8
"353",1,4,3,36,8
"354",1,4,4,36,8
"355",0,4,5,36,8
"356",0,4,6,36,8
"357",1,4,7,36,8
"358",1,4,8,36,8
"359",1,4,9,36,8
"360",1,4,10,36,8
"361",1,4,1,37,8
"362",1,4,2,37,8
"363",1,4,3,37,8
"364",1,4,4,37,8
"365",1,4,5,37,8
"366",1,4,6,37,8
"367",1,4,7,37,8
"368",1,4,8,37,8
"369",1,4,9,37,8
"370",1,4,10,37,8
"371",1,4,1,38,8
"372",1,4,2,38,8
"373",1,4,3,38,8
"374",1,4,4,38,8
"375",1,4,5,38,8
"376",1,4,6,38,8
"377",1,4,7,38,8
"378",1,4,8,38,8
"379",1,4,9,38,8
"380",1,4,10,38,8
"381",1,4,1,39,8
"382",0,4,2,39,8
"383",0,4,3,39,8
"384",1,4,4,39,8
"385",1,4,5,39,8
"386",0,4,6,39,8
"387",0,4,7,39,8
"388",1,4,8,39,8
"389",0,4,9,39,8
"390",1,4,10,39,8
"391",0,4,1,40,8
"392",1,4,2,40,8
"393",0,4,3,40,8
"394",1,4,4,40,8
"395",1,4,5,40,8
"396",0,4,6,40,8
"397",1,4,7,40,8
"398",1,4,8,40,8
"399",0,4,9,40,8
"400",1,4,10,40,8
"401",0,5,1,41,9
"402",0,5,2,41,9
"403",0,5,3,41,9
"404",0,5,4,41,9
"405",0,5,5,41,9
"406",0,5,6,41,9
"407",0,5,7,41,9
"408",0,5,8,41,9
"409",0,5,9,41,9
"410",0,5,10,41,9
"411",1,5,1,42,9
"412",1,5,2,42,9
"413",1,5,3,42,9
"414",1,5,4,42,9
"415",1,5,5,42,9
"416",1,5,6,42,9
"417",1,5,7,42,9
"418",1,5,8,42,9
"419",1,5,9,42,9
"420",1,5,10,42,9
"421",1,5,1,43,9
"422",1,5,2,43,9
"423",1,5,3,43,9
"424",1,5,4,43,9
"425",1,5,5,43,9
"426",1,5,6,43,9
"427",1,5,7,43,9
"428",1,5,8,43,9
"429",1,5,9,43,9
"430",1,5,10,43,9
"431",1,5,1,44,9
"432",1,5,2,44,9
"433",1,5,3,44,9
"434",1,5,4,44,9
"435",1,5,5,44,9
"436",1,5,6,44,9
"437",1,5,7,44,9
"438",1,5,8,44,9
"439",0,5,9,44,9
"440",1,5,10,44,9
"441",1,5,1,45,9
"442",1,5,2,45,9
"443",1,5,3,45,9
"444",1,5,4,45,9
"445",1,5,5,45,9
"446",1,5,6,45,9
"447",1,5,7,45,9
"448",1,5,8,45,9
"449",1,5,9,45,9
"450",1,5,10,45,9
"451",1,5,1,46,10
"452",1,5,2,46,10
"453",1,5,3,46,10
"454",1,5,4,46,10
"455",1,5,5,46,10
"456",1,5,6,46,10
"457",1,5,7,46,10
"458",1,5,8,46,10
"459",1,5,9,46,10
"460",1,5,10,46,10
"461",0,5,1,47,10
"462",0,5,2,47,10
"463",0,5,3,47,10
"464",1,5,4,47,10
"465",1,5,5,47,10
"466",0,5,6,47,10
"467",1,5,7,47,10
"468",1,5,8,47,10
"469",0,5,9,47,10
"470",0,5,10,47,10
"471",1,5,1,48,10
"472",1,5,2,48,10
"473",1,5,3,48,10
"474",1,5,4,48,10
"475",1,5,5,48,10
"476",1,5,6,48,10
"477",1,5,7,48,10
"478",1,5,8,48,10
"479",1,5,9,48,10
"480",1,5,10,48,10
"481",1,5,1,49,10
"482",1,5,2,49,10
"483",1,5,3,49,10
"484",1,5,4,49,10
"485",1,5,5,49,10
"486",1,5,6,49,10
"487",1,5,7,49,10
"488",1,5,8,49,10
"489",1,5,9,49,10
"490",1,5,10,49,10
"491",1,5,1,50,10
"492",1,5,2,50,10
"493",1,5,3,50,10
"494",1,5,4,50,10
"495",1,5,5,50,10
"496",1,5,6,50,10
"497",1,5,7,50,10
"498",1,5,8,50,10
"499",1,5,9,50,10
"500",1,5,10,50,10
"501",0,1,1,51,1
"502",0,1,2,51,1
"503",0,1,3,51,1
"504",1,1,4,51,1
"505",0,1,5,51,1
"506",0,1,6,51,1
"507",0,1,7,51,1
"508",0,1,8,51,1
"509",0,1,9,51,1
"510",0,1,10,51,1
"511",0,1,1,52,1
"512",0,1,2,52,1
"513",0,1,3,52,1
"514",0,1,4,52,1
"515",0,1,5,52,1
"516",0,1,6,52,1
"517",0,1,7,52,1
"518",0,1,8,52,1
"519",0,1,9,52,1
"520",0,1,10,52,1
"521",0,1,1,53,1
"522",0,1,2,53,1
"523",0,1,3,53,1
"524",0,1,4,53,1
"525",1,1,5,53,1
"526",0,1,6,53,1
"527",0,1,7,53,1
"528",0,1,8,53,1
"529",0,1,9,53,1
"530",0,1,10,53,1
"531",0,1,1,54,1
"532",0,1,2,54,1
"533",0,1,3,54,1
"534",0,1,4,54,1
"535",1,1,5,54,1
"536",0,1,6,54,1
"537",1,1,7,54,1
"538",0,1,8,54,1
"539",0,1,9,54,1
"540",0,1,10,54,1
"541",0,1,1,55,1
"542",1,1,2,55,1
"543",0,1,3,55,1
"544",1,1,4,55,1
"545",0,1,5,55,1
"546",0,1,6,55,1
"547",1,1,7,55,1
"548",0,1,8,55,1
"549",0,1,9,55,1
"550",0,1,10,55,1
"551",0,1,1,56,2
"552",0,1,2,56,2
"553",0,1,3,56,2
"554",1,1,4,56,2
"555",0,1,5,56,2
"556",0,1,6,56,2
"557",0,1,7,56,2
"558",0,1,8,56,2
"559",0,1,9,56,2
"560",0,1,10,56,2
"561",1,1,1,57,2
"562",0,1,2,57,2
"563",0,1,3,57,2
"564",1,1,4,57,2
"565",0,1,5,57,2
"566",0,1,6,57,2
"567",1,1,7,57,2
"568",0,1,8,57,2
"569",0,1,9,57,2
"570",0,1,10,57,2
"571",0,1,1,58,2
"572",0,1,2,58,2
"573",0,1,3,58,2
"574",1,1,4,58,2
"575",0,1,5,58,2
"576",0,1,6,58,2
"577",1,1,7,58,2
"578",0,1,8,58,2
"579",0,1,9,58,2
"580",0,1,10,58,2
"581",0,1,1,59,2
"582",0,1,2,59,2
"583",0,1,3,59,2
"584",1,1,4,59,2
"585",1,1,5,59,2
"586",0,1,6,59,2
"587",1,1,7,59,2
"588",0,1,8,59,2
"589",0,1,9,59,2
"590",0,1,10,59,2
"591",0,1,1,60,2
"592",0,1,2,60,2
"593",0,1,3,60,2
"594",1,1,4,60,2
"595",0,1,5,60,2
"596",0,1,6,60,2
"597",0,1,7,60,2
"598",0,1,8,60,2
"599",0,1,9,60,2
"600",0,1,10,60,2
"601",0,2,1,61,3
"602",0,2,2,61,3
"603",0,2,3,61,3
"604",1,2,4,61,3
"605",1,2,5,61,3
"606",0,2,6,61,3
"607",0,2,7,61,3
"608",0,2,8,61,3
"609",0,2,9,61,3
"610",0,2,10,61,3
"611",0,2,1,62,3
"612",0,2,2,62,3
"613",0,2,3,62,3
"614",1,2,4,62,3
"615",0,2,5,62,3
"616",0,2,6,62,3
"617",0,2,7,62,3
"618",0,2,8,62,3
"619",0,2,9,62,3
"620",0,2,10,62,3
"621",0,2,1,63,3
"622",0,2,2,63,3
"623",0,2,3,63,3
"624",1,2,4,63,3
"625",0,2,5,63,3
"626",0,2,6,63,3
"627",1,2,7,63,3
"628",0,2,8,63,3
"629",1,2,9,63,3
"630",0,2,10,63,3
"631",0,2,1,64,3
"632",0,2,2,64,3
"633",0,2,3,64,3
"634",1,2,4,64,3
"635",0,2,5,64,3
"636",0,2,6,64,3
"637",1,2,7,64,3
"638",0,2,8,64,3
"639",0,2,9,64,3
"640",0,2,10,64,3
"641",0,2,1,65,3
"642",0,2,2,65,3
"643",0,2,3,65,3
"644",1,2,4,65,3
"645",1,2,5,65,3
"646",0,2,6,65,3
"647",0,2,7,65,3
"648",0,2,8,65,3
"649",0,2,9,65,3
"650",0,2,10,65,3
"651",0,2,1,66,4
"652",0,2,2,66,4
"653",0,2,3,66,4
"654",0,2,4,66,4
"655",1,2,5,66,4
"656",0,2,6,66,4
"657",1,2,7,66,4
"658",0,2,8,66,4
"659",1,2,9,66,4
"660",0,2,10,66,4
"661",0,2,1,67,4
"662",0,2,2,67,4
"663",0,2,3,67,4
"664",1,2,4,67,4
"665",0,2,5,67,4
"666",0,2,6,67,4
"667",0,2,7,67,4
"668",0,2,8,67,4
"669",0,2,9,67,4
"670",0,2,10,67,4
"671",0,2,1,68,4
"672",0,2,2,68,4
"673",0,2,3,68,4
"674",1,2,4,68,4
"675",0,2,5,68,4
"676",0,2,6,68,4
"677",0,2,7,68,4
"678",0,2,8,68,4
"679",0,2,9,68,4
"680",0,2,10,68,4
"681",1,2,1,69,4
"682",0,2,2,69,4
"683",0,2,3,69,4
"684",1,2,4,69,4
"685",1,2,5,69,4
"686",0,2,6,69,4
"687",0,2,7,69,4
"688",0,2,8,69,4
"689",0,2,9,69,4
"690",0,2,10,69,4
"691",0,2,1,70,4
"692",0,2,2,70,4
"693",0,2,3,70,4
"694",1,2,4,70,4
"695",1,2,5,70,4
"696",0,2,6,70,4
"697",0,2,7,70,4
"698",0,2,8,70,4
"699",0,2,9,70,4
"700",0,2,10,70,4
"701",0,3,1,71,5
"702",0,3,2,71,5
"703",0,3,3,71,5
"704",1,3,4,71,5
"705",0,3,5,71,5
"706",0,3,6,71,5
"707",1,3,7,71,5
"708",0,3,8,71,5
"709",0,3,9,71,5
"710",0,3,10,71,5
"711",0,3,1,72,5
"712",0,3,2,72,5
"713",0,3,3,72,5
"714",0,3,4,72,5
"715",0,3,5,72,5
"716",0,3,6,72,5
"717",0,3,7,72,5
"718",0,3,8,72,5
"719",0,3,9,72,5
"720",0,3,10,72,5
"721",0,3,1,73,5
"722",0,3,2,73,5
"723",0,3,3,73,5
"724",0,3,4,73,5
"725",0,3,5,73,5
"726",0,3,6,73,5
"727",0,3,7,73,5
"728",0,3,8,73,5
"729",0,3,9,73,5
"730",0,3,10,73,5
"731",0,3,1,74,5
"732",0,3,2,74,5
"733",0,3,3,74,5
"734",0,3,4,74,5
"735",0,3,5,74,5
"736",0,3,6,74,5
"737",1,3,7,74,5
"738",0,3,8,74,5
"739",0,3,9,74,5
"740",0,3,10,74,5
"741",0,3,1,75,5
"742",0,3,2,75,5
"743",0,3,3,75,5
"744",1,3,4,75,5
"745",1,3,5,75,5
"746",0,3,6,75,5
"747",1,3,7,75,5
"748",0,3,8,75,5
"749",0,3,9,75,5
"750",0,3,10,75,5
"751",0,3,1,76,6
"752",0,3,2,76,6
"753",0,3,3,76,6
"754",1,3,4,76,6
"755",0,3,5,76,6
"756",0,3,6,76,6
"757",0,3,7,76,6
"758",0,3,8,76,6
"759",0,3,9,76,6
"760",0,3,10,76,6
"761",0,3,1,77,6
"762",0,3,2,77,6
"763",0,3,3,77,6
"764",0,3,4,77,6
"765",0,3,5,77,6
"766",0,3,6,77,6
"767",0,3,7,77,6
"768",0,3,8,77,6
"769",0,3,9,77,6
"770",0,3,10,77,6
"771",0,3,1,78,6
"772",0,3,2,78,6
"773",0,3,3,78,6
"774",1,3,4,78,6
"775",0,3,5,78,6
"776",0,3,6,78,6
"777",0,3,7,78,6
"778",0,3,8,78,6
"779",0,3,9,78,6
"780",0,3,10,78,6
"781",1,3,1,79,6
"782",0,3,2,79,6
"783",0,3,3,79,6
"784",1,3,4,79,6
"785",0,3,5,79,6
"786",0,3,6,79,6
"787",0,3,7,79,6
"788",0,3,8,79,6
"789",0,3,9,79,6
"790",0,3,10,79,6
"791",0,3,1,80,6
"792",0,3,2,80,6
"793",0,3,3,80,6
"794",1,3,4,80,6
"795",1,3,5,80,6
"796",0,3,6,80,6
"797",0,3,7,80,6
"798",0,3,8,80,6
"799",0,3,9,80,6
"800",1,3,10,80,6
"801",0,4,1,81,7
"802",0,4,2,81,7
"803",0,4,3,81,7
"804",1,4,4,81,7
"805",0,4,5,81,7
"806",0,4,6,81,7
"807",0,4,7,81,7
"808",0,4,8,81,7
"809",0,4,9,81,7
"810",0,4,10,81,7
"811",0,4,1,82,7
"812",0,4,2,82,7
"813",0,4,3,82,7
"814",1,4,4,82,7
"815",0,4,5,82,7
"816",0,4,6,82,7
"817",1,4,7,82,7
"818",0,4,8,82,7
"819",0,4,9,82,7
"820",0,4,10,82,7
"821",0,4,1,83,7
"822",0,4,2,83,7
"823",0,4,3,83,7
"824",1,4,4,83,7
"825",1,4,5,83,7
"826",0,4,6,83,7
"827",0,4,7,83,7
"828",0,4,8,83,7
"829",0,4,9,83,7
"830",0,4,10,83,7
"831",0,4,1,84,7
"832",0,4,2,84,7
"833",0,4,3,84,7
"834",1,4,4,84,7
"835",1,4,5,84,7
"836",0,4,6,84,7
"837",0,4,7,84,7
"838",0,4,8,84,7
"839",0,4,9,84,7
"840",0,4,10,84,7
"841",1,4,1,85,7
"842",0,4,2,85,7
"843",0,4,3,85,7
"844",1,4,4,85,7
"845",0,4,5,85,7
"846",0,4,6,85,7
"847",0,4,7,85,7
"848",0,4,8,85,7
"849",0,4,9,85,7
"850",0,4,10,85,7
"851",0,4,1,86,8
"852",0,4,2,86,8
"853",0,4,3,86,8
"854",1,4,4,86,8
"855",1,4,5,86,8
"856",0,4,6,86,8
"857",0,4,7,86,8
"858",0,4,8,86,8
"859",0,4,9,86,8
"860",0,4,10,86,8
"861",0,4,1,87,8
"862",0,4,2,87,8
"863",0,4,3,87,8
"864",1,4,4,87,8
"865",0,4,5,87,8
"866",0,4,6,87,8
"867",1,4,7,87,8
"868",0,4,8,87,8
"869",1,4,9,87,8
"870",0,4,10,87,8
"871",1,4,1,88,8
"872",1,4,2,88,8
"873",0,4,3,88,8
"874",1,4,4,88,8
"875",0,4,5,88,8
"876",0,4,6,88,8
"877",1,4,7,88,8
"878",0,4,8,88,8
"879",0,4,9,88,8
"880",1,4,10,88,8
"881",0,4,1,89,8
"882",0,4,2,89,8
"883",0,4,3,89,8
"884",0,4,4,89,8
"885",0,4,5,89,8
"886",0,4,6,89,8
"887",0,4,7,89,8
"888",0,4,8,89,8
"889",0,4,9,89,8
"890",0,4,10,89,8
"891",0,4,1,90,8
"892",0,4,2,90,8
"893",0,4,3,90,8
"894",1,4,4,90,8
"895",0,4,5,90,8
"896",0,4,6,90,8
"897",0,4,7,90,8
"898",0,4,8,90,8
"899",0,4,9,90,8
"900",1,4,10,90,8
"901",0,5,1,91,9
"902",0,5,2,91,9
"903",0,5,3,91,9
"904",1,5,4,91,9
"905",0,5,5,91,9
"906",0,5,6,91,9
"907",0,5,7,91,9
"908",0,5,8,91,9
"909",0,5,9,91,9
"910",0,5,10,91,9
"911",0,5,1,92,9
"912",0,5,2,92,9
"913",0,5,3,92,9
"914",1,5,4,92,9
"915",0,5,5,92,9
"916",0,5,6,92,9
"917",0,5,7,92,9
"918",0,5,8,92,9
"919",0,5,9,92,9
"920",1,5,10,92,9
"921",0,5,1,93,9
"922",0,5,2,93,9
"923",0,5,3,93,9
"924",0,5,4,93,9
"925",0,5,5,93,9
"926",0,5,6,93,9
"927",0,5,7,93,9
"928",0,5,8,93,9
"929",0,5,9,93,9
"930",0,5,10,93,9
"931",1,5,1,94,9
"932",0,5,2,94,9
"933",0,5,3,94,9
"934",1,5,4,94,9
"935",0,5,5,94,9
"936",0,5,6,94,9
"937",0,5,7,94,9
"938",0,5,8,94,9
"939",0,5,9,94,9
"940",0,5,10,94,9
"941",0,5,1,95,9
"942",0,5,2,95,9
"943",0,5,3,95,9
"944",1,5,4,95,9
"945",0,5,5,95,9
"946",0,5,6,95,9
"947",0,5,7,95,9
"948",0,5,8,95,9
"949",0,5,9,95,9
"950",0,5,10,95,9
"951",1,5,1,96,10
"952",0,5,2,96,10
"953",0,5,3,96,10
"954",1,5,4,96,10
"955",0,5,5,96,10
"956",0,5,6,96,10
"957",0,5,7,96,10
"958",0,5,8,96,10
"959",0,5,9,96,10
"960",0,5,10,96,10
"961",0,5,1,97,10
"962",0,5,2,97,10
"963",0,5,3,97,10
"964",1,5,4,97,10
"965",1,5,5,97,10
"966",0,5,6,97,10
"967",0,5,7,97,10
"968",0,5,8,97,10
"969",0,5,9,97,10
"970",0,5,10,97,10
"971",0,5,1,98,10
"972",0,5,2,98,10
"973",0,5,3,98,10
"974",1,5,4,98,10
"975",0,5,5,98,10
"976",0,5,6,98,10
"977",0,5,7,98,10
"978",0,5,8,98,10
"979",0,5,9,98,10
"980",0,5,10,98,10
"981",0,5,1,99,10
"982",0,5,2,99,10
"983",0,5,3,99,10
"984",0,5,4,99,10
"985",0,5,5,99,10
"986",0,5,6,99,10
"987",0,5,7,99,10
"988",0,5,8,99,10
"989",0,5,9,99,10
"990",0,5,10,99,10
"991",0,5,1,100,10
"992",0,5,2,100,10
"993",0,5,3,100,10
"994",0,5,4,100,10
"995",0,5,5,100,10
"996",0,5,6,100,10
"997",0,5,7,100,10
"998",0,5,8,100,10
"999",0,5,9,100,10
"1000",0,5,10,100,10
"1001",1,1,1,101,1
"1002",1,1,2,101,1
"1003",1,1,3,101,1
"1004",1,1,4,101,1
"1005",1,1,5,101,1
"1006",1,1,6,101,1
"1007",1,1,7,101,1
"1008",1,1,8,101,1
"1009",1,1,9,101,1
"1010",1,1,10,101,1
"1011",1,1,1,102,1
"1012",1,1,2,102,1
"1013",1,1,3,102,1
"1014",1,1,4,102,1
"1015",1,1,5,102,1
"1016",1,1,6,102,1
"1017",1,1,7,102,1
"1018",1,1,8,102,1
"1019",1,1,9,102,1
"1020",1,1,10,102,1
"1021",1,1,1,103,1
"1022",1,1,2,103,1
"1023",1,1,3,103,1
"1024",1,1,4,103,1
"1025",1,1,5,103,1
"1026",1,1,6,103,1
"1027",1,1,7,103,1
"1028",1,1,8,103,1
"1029",1,1,9,103,1
"1030",1,1,10,103,1
"1031",1,1,1,104,1
"1032",1,1,2,104,1
"1033",1,1,3,104,1
"1034",1,1,4,104,1
"1035",1,1,5,104,1
"1036",1,1,6,104,1
"1037",1,1,7,104,1
"1038",1,1,8,104,1
"1039",1,1,9,104,1
"1040",1,1,10,104,1
"1041",1,1,1,105,1
"1042",1,1,2,105,1
"1043",1,1,3,105,1
"1044",1,1,4,105,1
"1045",1,1,5,105,1
"1046",1,1,6,105,1
"1047",1,1,7,105,1
"1048",1,1,8,105,1
"1049",1,1,9,105,1
"1050",1,1,10,105,1
"1051",1,1,1,106,2
"1052",1,1,2,106,2
"1053",1,1,3,106,2
"1054",1,1,4,106,2
"1055",1,1,5,106,2
"1056",1,1,6,106,2
"1057",1,1,7,106,2
"1058",1,1,8,106,2
"1059",1,1,9,106,2
"1060",1,1,10,106,2
"1061",1,1,1,107,2
"1062",1,1,2,107,2
"1063",1,1,3,107,2
"1064",1,1,4,107,2
"1065",1,1,5,107,2
"1066",1,1,6,107,2
"1067",1,1,7,107,2
"1068",1,1,8,107,2
"1069",1,1,9,107,2
"1070",1,1,10,107,2
"1071",1,1,1,108,2
"1072",1,1,2,108,2
"1073",1,1,3,108,2
"1074",1,1,4,108,2
"1075",1,1,5,108,2
"1076",1,1,6,108,2
"1077",1,1,7,108,2
"1078",1,1,8,108,2
"1079",1,1,9,108,2
"1080",1,1,10,108,2
"1081",1,1,1,109,2
"1082",1,1,2,109,2
"1083",1,1,3,109,2
"1084",1,1,4,109,2
"1085",1,1,5,109,2
"1086",1,1,6,109,2
"1087",1,1,7,109,2
"1088",1,1,8,109,2
"1089",1,1,9,109,2
"1090",1,1,10,109,2
"1091",1,1,1,110,2
"1092",1,1,2,110,2
"1093",1,1,3,110,2
"1094",1,1,4,110,2
"1095",1,1,5,110,2
"1096",1,1,6,110,2
"1097",1,1,7,110,2
"1098",1,1,8,110,2
"1099",1,1,9,110,2
"1100",1,1,10,110,2
"1101",1,2,1,111,3
"1102",1,2,2,111,3
"1103",1,2,3,111,3
"1104",1,2,4,111,3
"1105",1,2,5,111,3
"1106",1,2,6,111,3
"1107",1,2,7,111,3
"1108",1,2,8,111,3
"1109",1,2,9,111,3
"1110",1,2,10,111,3
"1111",1,2,1,112,3
"1112",1,2,2,112,3
"1113",1,2,3,112,3
"1114",1,2,4,112,3
"1115",1,2,5,112,3
"1116",1,2,6,112,3
"1117",1,2,7,112,3
"1118",1,2,8,112,3
"1119",1,2,9,112,3
"1120",1,2,10,112,3
"1121",1,2,1,113,3
"1122",1,2,2,113,3
"1123",1,2,3,113,3
"1124",1,2,4,113,3
"1125",1,2,5,113,3
"1126",1,2,6,113,3
"1127",1,2,7,113,3
"1128",1,2,8,113,3
"1129",1,2,9,113,3
"1130",1,2,10,113,3
"1131",1,2,1,114,3
"1132",1,2,2,114,3
"1133",1,2,3,114,3
"1134",1,2,4,114,3
"1135",1,2,5,114,3
"1136",1,2,6,114,3
"1137",1,2,7,114,3
"1138",1,2,8,114,3
"1139",1,2,9,114,3
"1140",1,2,10,114,3
"1141",1,2,1,115,3
"1142",1,2,2,115,3
"1143",1,2,3,115,3
"1144",1,2,4,115,3
"1145",1,2,5,115,3
"1146",1,2,6,115,3
"1147",1,2,7,115,3
"1148",1,2,8,115,3
"1149",1,2,9,115,3
"1150",1,2,10,115,3
"1151",1,2,1,116,4
"1152",1,2,2,116,4
"1153",1,2,3,116,4
"1154",1,2,4,116,4
"1155",1,2,5,116,4
"1156",1,2,6,116,4
"1157",1,2,7,116,4
"1158",1,2,8,116,4
"1159",1,2,9,116,4
"1160",1,2,10,116,4
"1161",1,2,1,117,4
"1162",1,2,2,117,4
"1163",1,2,3,117,4
"1164",1,2,4,117,4
"1165",1,2,5,117,4
"1166",1,2,6,117,4
"1167",1,2,7,117,4
"1168",1,2,8,117,4
"1169",1,2,9,117,4
"1170",1,2,10,117,4
"1171",1,2,1,118,4
"1172",1,2,2,118,4
"1173",1,2,3,118,4
"1174",1,2,4,118,4
"1175",1,2,5,118,4
"1176",1,2,6,118,4
"1177",1,2,7,118,4
"1178",1,2,8,118,4
"1179",1,2,9,118,4
"1180",1,2,10,118,4
"1181",1,2,1,119,4
"1182",1,2,2,119,4
"1183",1,2,3,119,4
"1184",1,2,4,119,4
"1185",1,2,5,119,4
"1186",1,2,6,119,4
"1187",1,2,7,119,4
"1188",1,2,8,119,4
"1189",1,2,9,119,4
"1190",1,2,10,119,4
"1191",1,2,1,120,4
"1192",1,2,2,120,4
"1193",1,2,3,120,4
"1194",1,2,4,120,4
"1195",1,2,5,120,4
"1196",1,2,6,120,4
"1197",1,2,7,120,4
"1198",1,2,8,120,4
"1199",1,2,9,120,4
"1200",1,2,10,120,4
"1201",1,3,1,121,5
"1202",1,3,2,121,5
"1203",1,3,3,121,5
"1204",1,3,4,121,5
"1205",1,3,5,121,5
"1206",1,3,6,121,5
"1207",1,3,7,121,5
"1208",1,3,8,121,5
"1209",1,3,9,121,5
"1210",1,3,10,121,5
"1211",1,3,1,122,5
"1212",1,3,2,122,5
"1213",1,3,3,122,5
"1214",1,3,4,122,5
"1215",1,3,5,122,5
"1216",1,3,6,122,5
"1217",1,3,7,122,5
"1218",1,3,8,122,5
"1219",1,3,9,122,5
"1220",1,3,10,122,5
"1221",1,3,1,123,5
"1222",0,3,2,123,5
"1223",1,3,3,123,5
"1224",1,3,4,123,5
"1225",1,3,5,123,5
"1226",1,3,6,123,5
"1227",1,3,7,123,5
"1228",1,3,8,123,5
"1229",1,3,9,123,5
"1230",1,3,10,123,5
"1231",1,3,1,124,5
"1232",1,3,2,124,5
"1233",1,3,3,124,5
"1234",1,3,4,124,5
"1235",1,3,5,124,5
"1236",1,3,6,124,5
"1237",1,3,7,124,5
"1238",1,3,8,124,5
"1239",1,3,9,124,5
"1240",1,3,10,124,5
"1241",1,3,1,125,5
"1242",1,3,2,125,5
"1243",1,3,3,125,5
"1244",1,3,4,125,5
"1245",1,3,5,125,5
"1246",1,3,6,125,5
"1247",1,3,7,125,5
"1248",1,3,8,125,5
"1249",1,3,9,125,5
"1250",1,3,10,125,5
"1251",1,3,1,126,6
"1252",1,3,2,126,6
"1253",1,3,3,126,6
"1254",1,3,4,126,6
"1255",1,3,5,126,6
"1256",1,3,6,126,6
"1257",1,3,7,126,6
"1258",1,3,8,126,6
"1259",1,3,9,126,6
"1260",1,3,10,126,6
"1261",1,3,1,127,6
"1262",1,3,2,127,6
"1263",1,3,3,127,6
"1264",1,3,4,127,6
"1265",1,3,5,127,6
"1266",1,3,6,127,6
"1267",1,3,7,127,6
"1268",1,3,8,127,6
"1269",1,3,9,127,6
"1270",1,3,10,127,6
"1271",1,3,1,128,6
"1272",1,3,2,128,6
"1273",1,3,3,128,6
"1274",1,3,4,128,6
"1275",1,3,5,128,6
"1276",1,3,6,128,6
"1277",1,3,7,128,6
"1278",1,3,8,128,6
"1279",1,3,9,128,6
"1280",1,3,10,128,6
"1281",1,3,1,129,6
"1282",1,3,2,129,6
"1283",1,3,3,129,6
"1284",1,3,4,129,6
"1285",1,3,5,129,6
"1286",1,3,6,129,6
"1287",1,3,7,129,6
"1288",1,3,8,129,6
"1289",1,3,9,129,6
"1290",1,3,10,129,6
"1291",1,3,1,130,6
"1292",1,3,2,130,6
"1293",1,3,3,130,6
"1294",1,3,4,130,6
"1295",1,3,5,130,6
"1296",1,3,6,130,6
"1297",1,3,7,130,6
"1298",1,3,8,130,6
"1299",1,3,9,130,6
"1300",1,3,10,130,6
"1301",1,4,1,131,7
"1302",1,4,2,131,7
"1303",1,4,3,131,7
"1304",1,4,4,131,7
"1305",1,4,5,131,7
"1306",1,4,6,131,7
"1307",1,4,7,131,7
"1308",1,4,8,131,7
"1309",1,4,9,131,7
"1310",1,4,10,131,7
"1311",1,4,1,132,7
"1312",1,4,2,132,7
"1313",1,4,3,132,7
"1314",1,4,4,132,7
"1315",1,4,5,132,7
"1316",1,4,6,132,7
"1317",1,4,7,132,7
"1318",1,4,8,132,7
"1319",1,4,9,132,7
"1320",1,4,10,132,7
"1321",1,4,1,133,7
"1322",1,4,2,133,7
"1323",1,4,3,133,7
"1324",1,4,4,133,7
"1325",1,4,5,133,7
"1326",1,4,6,133,7
"1327",1,4,7,133,7
"1328",1,4,8,133,7
"1329",1,4,9,133,7
"1330",1,4,10,133,7
"1331",1,4,1,134,7
"1332",1,4,2,134,7
"1333",1,4,3,134,7
"1334",1,4,4,134,7
"1335",1,4,5,134,7
"1336",1,4,6,134,7
"1337",1,4,7,134,7
"1338",1,4,8,134,7
"1339",1,4,9,134,7
"1340",1,4,10,134,7
"1341",1,4,1,135,7
"1342",1,4,2,135,7
"1343",1,4,3,135,7
"1344",1,4,4,135,7
"1345",1,4,5,135,7
"1346",1,4,6,135,7
"1347",1,4,7,135,7
"1348",1,4,8,135,7
"1349",1,4,9,135,7
"1350",1,4,10,135,7
"1351",1,4,1,136,8
"1352",1,4,2,136,8
"1353",1,4,3,136,8
"1354",1,4,4,136,8
"1355",1,4,5,136,8
"1356",1,4,6,136,8
"1357",1,4,7,136,8
"1358",1,4,8,136,8
"1359",1,4,9,136,8
"1360",1,4,10,136,8
"1361",1,4,1,137,8
"1362",1,4,2,137,8
"1363",1,4,3,137,8
"1364",1,4,4,137,8
"1365",1,4,5,137,8
"1366",1,4,6,137,8
"1367",1,4,7,137,8
"1368",1,4,8,137,8
"1369",1,4,9,137,8
"1370",1,4,10,137,8
"1371",1,4,1,138,8
"1372",1,4,2,138,8
"1373",1,4,3,138,8
"1374",1,4,4,138,8
"1375",1,4,5,138,8
"1376",1,4,6,138,8
"1377",1,4,7,138,8
"1378",1,4,8,138,8
"1379",1,4,9,138,8
"1380",1,4,10,138,8
"1381",1,4,1,139,8
"1382",1,4,2,139,8
"1383",1,4,3,139,8
"1384",1,4,4,139,8
"1385",1,4,5,139,8
"1386",1,4,6,139,8
"1387",1,4,7,139,8
"1388",1,4,8,139,8
"1389",1,4,9,139,8
"1390",1,4,10,139,8
"1391",0,4,1,140,8
"1392",1,4,2,140,8
"1393",1,4,3,140,8
"1394",1,4,4,140,8
"1395",1,4,5,140,8
"1396",1,4,6,140,8
"1397",1,4,7,140,8
"1398",1,4,8,140,8
"1399",1,4,9,140,8
"1400",1,4,10,140,8
"1401",1,5,1,141,9
"1402",1,5,2,141,9
"1403",1,5,3,141,9
"1404",1,5,4,141,9
"1405",1,5,5,141,9
"1406",1,5,6,141,9
"1407",1,5,7,141,9
"1408",1,5,8,141,9
"1409",1,5,9,141,9
"1410",1,5,10,141,9
"1411",1,5,1,142,9
"1412",1,5,2,142,9
"1413",1,5,3,142,9
"1414",1,5,4,142,9
"1415",1,5,5,142,9
"1416",1,5,6,142,9
"1417",1,5,7,142,9
"1418",1,5,8,142,9
"1419",1,5,9,142,9
"1420",1,5,10,142,9
"1421",1,5,1,143,9
"1422",1,5,2,143,9
"1423",1,5,3,143,9
"1424",1,5,4,143,9
"1425",1,5,5,143,9
"1426",1,5,6,143,9
"1427",1,5,7,143,9
"1428",1,5,8,143,9
"1429",1,5,9,143,9
"1430",1,5,10,143,9
"1431",1,5,1,144,9
"1432",1,5,2,144,9
"1433",1,5,3,144,9
"1434",1,5,4,144,9
"1435",1,5,5,144,9
"1436",1,5,6,144,9
"1437",1,5,7,144,9
"1438",1,5,8,144,9
"1439",1,5,9,144,9
"1440",1,5,10,144,9
"1441",1,5,1,145,9
"1442",1,5,2,145,9
"1443",1,5,3,145,9
"1444",1,5,4,145,9
"1445",1,5,5,145,9
"1446",1,5,6,145,9
"1447",1,5,7,145,9
"1448",1,5,8,145,9
"1449",1,5,9,145,9
"1450",1,5,10,145,9
"1451",1,5,1,146,10
"1452",1,5,2,146,10
"1453",1,5,3,146,10
"1454",1,5,4,146,10
"1455",1,5,5,146,10
"1456",1,5,6,146,10
"1457",1,5,7,146,10
"1458",1,5,8,146,10
"1459",1,5,9,146,10
"1460",1,5,10,146,10
"1461",1,5,1,147,10
"1462",1,5,2,147,10
"1463",1,5,3,147,10
"1464",1,5,4,147,10
"1465",1,5,5,147,10
"1466",1,5,6,147,10
"1467",1,5,7,147,10
"1468",1,5,8,147,10
"1469",1,5,9,147,10
"1470",1,5,10,147,10
"1471",1,5,1,148,10
"1472",1,5,2,148,10
"1473",1,5,3,148,10
"1474",1,5,4,148,10
"1475",1,5,5,148,10
"1476",1,5,6,148,10
"1477",1,5,7,148,10
"1478",1,5,8,148,10
"1479",1,5,9,148,10
"1480",1,5,10,148,10
"1481",1,5,1,149,10
"1482",1,5,2,149,10
"1483",1,5,3,149,10
"1484",1,5,4,149,10
"1485",1,5,5,149,10
"1486",1,5,6,149,10
"1487",1,5,7,149,10
"1488",1,5,8,149,10
"1489",1,5,9,149,10
"1490",1,5,10,149,10
"1491",1,5,1,150,10
"1492",1,5,2,150,10
"1493",1,5,3,150,10
"1494",1,5,4,150,10
"1495",1,5,5,150,10
"1496",1,5,6,150,10
"1497",1,5,7,150,10
"1498",1,5,8,150,10
"1499",1,5,9,150,10
"1500",1,5,10,150,10
"1501",1,1,1,151,1
"1502",1,1,2,151,1
"1503",1,1,3,151,1
"1504",1,1,4,151,1
"1505",1,1,5,151,1
"1506",1,1,6,151,1
"1507",1,1,7,151,1
"1508",1,1,8,151,1
"1509",1,1,9,151,1
"1510",1,1,10,151,1
"1511",1,1,1,152,1
"1512",1,1,2,152,1
"1513",1,1,3,152,1
"1514",1,1,4,152,1
"1515",1,1,5,152,1
"1516",1,1,6,152,1
"1517",1,1,7,152,1
"1518",1,1,8,152,1
"1519",1,1,9,152,1
"1520",1,1,10,152,1
"1521",1,1,1,153,1
"1522",1,1,2,153,1
"1523",1,1,3,153,1
"1524",1,1,4,153,1
"1525",1,1,5,153,1
"1526",1,1,6,153,1
"1527",1,1,7,153,1
"1528",1,1,8,153,1
"1529",1,1,9,153,1
"1530",1,1,10,153,1
"1531",1,1,1,154,1
"1532",1,1,2,154,1
"1533",1,1,3,154,1
"1534",1,1,4,154,1
"1535",1,1,5,154,1
"1536",1,1,6,154,1
"1537",1,1,7,154,1
"1538",1,1,8,154,1
"1539",1,1,9,154,1
"1540",1,1,10,154,1
"1541",1,1,1,155,1
"1542",1,1,2,155,1
"1543",1,1,3,155,1
"1544",1,1,4,155,1
"1545",1,1,5,155,1
"1546",1,1,6,155,1
"1547",1,1,7,155,1
"1548",1,1,8,155,1
"1549",1,1,9,155,1
"1550",1,1,10,155,1
"1551",1,1,1,156,2
"1552",1,1,2,156,2
"1553",1,1,3,156,2
"1554",1,1,4,156,2
"1555",1,1,5,156,2
"1556",1,1,6,156,2
"1557",1,1,7,156,2
"1558",1,1,8,156,2
"1559",1,1,9,156,2
"1560",1,1,10,156,2
"1561",0,1,1,157,2
"1562",0,1,2,157,2
"1563",0,1,3,157,2
"1564",1,1,4,157,2
"1565",1,1,5,157,2
"1566",0,1,6,157,2
"1567",1,1,7,157,2
"1568",0,1,8,157,2
"1569",0,1,9,157,2
"1570",0,1,10,157,2
"1571",1,1,1,158,2
"1572",1,1,2,158,2
"1573",1,1,3,158,2
"1574",1,1,4,158,2
"1575",1,1,5,158,2
"1576",1,1,6,158,2
"1577",1,1,7,158,2
"1578",1,1,8,158,2
"1579",1,1,9,158,2
"1580",1,1,10,158,2
"1581",1,1,1,159,2
"1582",1,1,2,159,2
"1583",1,1,3,159,2
"1584",1,1,4,159,2
"1585",1,1,5,159,2
"1586",1,1,6,159,2
"1587",1,1,7,159,2
"1588",1,1,8,159,2
"1589",1,1,9,159,2
"1590",1,1,10,159,2
"1591",0,1,1,160,2
"1592",0,1,2,160,2
"1593",0,1,3,160,2
"1594",0,1,4,160,2
"1595",0,1,5,160,2
"1596",0,1,6,160,2
"1597",0,1,7,160,2
"1598",0,1,8,160,2
"1599",0,1,9,160,2
"1600",0,1,10,160,2
"1601",1,2,1,161,3
"1602",1,2,2,161,3
"1603",0,2,3,161,3
"1604",1,2,4,161,3
"1605",1,2,5,161,3
"1606",0,2,6,161,3
"1607",1,2,7,161,3
"1608",1,2,8,161,3
"1609",1,2,9,161,3
"1610",1,2,10,161,3
"1611",1,2,1,162,3
"1612",1,2,2,162,3
"1613",1,2,3,162,3
"1614",1,2,4,162,3
"1615",1,2,5,162,3
"1616",1,2,6,162,3
"1617",1,2,7,162,3
"1618",1,2,8,162,3
"1619",1,2,9,162,3
"1620",1,2,10,162,3
"1621",1,2,1,163,3
"1622",1,2,2,163,3
"1623",1,2,3,163,3
"1624",1,2,4,163,3
"1625",1,2,5,163,3
"1626",1,2,6,163,3
"1627",1,2,7,163,3
"1628",1,2,8,163,3
"1629",1,2,9,163,3
"1630",1,2,10,163,3
"1631",1,2,1,164,3
"1632",0,2,2,164,3
"1633",0,2,3,164,3
"1634",1,2,4,164,3
"1635",1,2,5,164,3
"1636",0,2,6,164,3
"1637",1,2,7,164,3
"1638",1,2,8,164,3
"1639",0,2,9,164,3
"1640",1,2,10,164,3
"1641",1,2,1,165,3
"1642",1,2,2,165,3
"1643",1,2,3,165,3
"1644",1,2,4,165,3
"1645",1,2,5,165,3
"1646",1,2,6,165,3
"1647",1,2,7,165,3
"1648",1,2,8,165,3
"1649",1,2,9,165,3
"1650",1,2,10,165,3
"1651",0,2,1,166,4
"1652",0,2,2,166,4
"1653",0,2,3,166,4
"1654",1,2,4,166,4
"1655",1,2,5,166,4
"1656",0,2,6,166,4
"1657",1,2,7,166,4
"1658",0,2,8,166,4
"1659",1,2,9,166,4
"1660",0,2,10,166,4
"1661",1,2,1,167,4
"1662",1,2,2,167,4
"1663",1,2,3,167,4
"1664",1,2,4,167,4
"1665",1,2,5,167,4
"1666",1,2,6,167,4
"1667",1,2,7,167,4
"1668",1,2,8,167,4
"1669",1,2,9,167,4
"1670",1,2,10,167,4
"1671",0,2,1,168,4
"1672",0,2,2,168,4
"1673",0,2,3,168,4
"1674",1,2,4,168,4
"1675",1,2,5,168,4
"1676",0,2,6,168,4
"1677",1,2,7,168,4
"1678",0,2,8,168,4
"1679",1,2,9,168,4
"1680",1,2,10,168,4
"1681",1,2,1,169,4
"1682",1,2,2,169,4
"1683",1,2,3,169,4
"1684",1,2,4,169,4
"1685",1,2,5,169,4
"1686",0,2,6,169,4
"1687",1,2,7,169,4
"1688",1,2,8,169,4
"1689",0,2,9,169,4
"1690",1,2,10,169,4
"1691",0,2,1,170,4
"1692",0,2,2,170,4
"1693",0,2,3,170,4
"1694",1,2,4,170,4
"1695",1,2,5,170,4
"1696",0,2,6,170,4
"1697",0,2,7,170,4
"1698",1,2,8,170,4
"1699",1,2,9,170,4
"1700",1,2,10,170,4
"1701",1,3,1,171,5
"1702",1,3,2,171,5
"1703",1,3,3,171,5
"1704",1,3,4,171,5
"1705",1,3,5,171,5
"1706",1,3,6,171,5
"1707",1,3,7,171,5
"1708",1,3,8,171,5
"1709",1,3,9,171,5
"1710",1,3,10,171,5
"1711",0,3,1,172,5
"1712",0,3,2,172,5
"1713",0,3,3,172,5
"1714",1,3,4,172,5
"1715",0,3,5,172,5
"1716",0,3,6,172,5
"1717",0,3,7,172,5
"1718",0,3,8,172,5
"1719",0,3,9,172,5
"1720",0,3,10,172,5
"1721",0,3,1,173,5
"1722",0,3,2,173,5
"1723",0,3,3,173,5
"1724",1,3,4,173,5
"1725",1,3,5,173,5
"1726",0,3,6,173,5
"1727",0,3,7,173,5
"1728",0,3,8,173,5
"1729",0,3,9,173,5
"1730",1,3,10,173,5
"1731",1,3,1,174,5
"1732",1,3,2,174,5
"1733",1,3,3,174,5
"1734",1,3,4,174,5
"1735",1,3,5,174,5
"1736",1,3,6,174,5
"1737",1,3,7,174,5
"1738",1,3,8,174,5
"1739",1,3,9,174,5
"1740",1,3,10,174,5
"1741",1,3,1,175,5
"1742",1,3,2,175,5
"1743",1,3,3,175,5
"1744",1,3,4,175,5
"1745",1,3,5,175,5
"1746",1,3,6,175,5
"1747",1,3,7,175,5
"1748",1,3,8,175,5
"1749",1,3,9,175,5
"1750",1,3,10,175,5
"1751",0,3,1,176,6
"1752",0,3,2,176,6
"1753",0,3,3,176,6
"1754",0,3,4,176,6
"1755",0,3,5,176,6
"1756",0,3,6,176,6
"1757",0,3,7,176,6
"1758",0,3,8,176,6
"1759",0,3,9,176,6
"1760",0,3,10,176,6
"1761",1,3,1,177,6
"1762",0,3,2,177,6
"1763",0,3,3,177,6
"1764",1,3,4,177,6
"1765",1,3,5,177,6
"1766",0,3,6,177,6
"1767",1,3,7,177,6
"1768",1,3,8,177,6
"1769",1,3,9,177,6
"1770",1,3,10,177,6
"1771",0,3,1,178,6
"1772",0,3,2,178,6
"1773",0,3,3,178,6
"1774",1,3,4,178,6
"1775",1,3,5,178,6
"1776",0,3,6,178,6
"1777",0,3,7,178,6
"1778",0,3,8,178,6
"1779",0,3,9,178,6
"1780",0,3,10,178,6
"1781",1,3,1,179,6
"1782",1,3,2,179,6
"1783",1,3,3,179,6
"1784",1,3,4,179,6
"1785",1,3,5,179,6
"1786",1,3,6,179,6
"1787",1,3,7,179,6
"1788",1,3,8,179,6
"1789",1,3,9,179,6
"1790",1,3,10,179,6
"1791",1,3,1,180,6
"1792",1,3,2,180,6
"1793",1,3,3,180,6
"1794",1,3,4,180,6
"1795",1,3,5,180,6
"1796",1,3,6,180,6
"1797",1,3,7,180,6
"1798",1,3,8,180,6
"1799",1,3,9,180,6
"1800",1,3,10,180,6
"1801",1,4,1,181,7
"1802",1,4,2,181,7
"1803",1,4,3,181,7
"1804",1,4,4,181,7
"1805",1,4,5,181,7
"1806",1,4,6,181,7
"1807",1,4,7,181,7
"1808",1,4,8,181,7
"1809",1,4,9,181,7
"1810",1,4,10,181,7
"1811",1,4,1,182,7
"1812",1,4,2,182,7
"1813",1,4,3,182,7
"1814",1,4,4,182,7
"1815",1,4,5,182,7
"1816",1,4,6,182,7
"1817",1,4,7,182,7
"1818",1,4,8,182,7
"1819",1,4,9,182,7
"1820",1,4,10,182,7
"1821",1,4,1,183,7
"1822",1,4,2,183,7
"1823",1,4,3,183,7
"1824",1,4,4,183,7
"1825",1,4,5,183,7
"1826",1,4,6,183,7
"1827",1,4,7,183,7
"1828",1,4,8,183,7
"1829",1,4,9,183,7
"1830",1,4,10,183,7
"1831",1,4,1,184,7
"1832",1,4,2,184,7
"1833",1,4,3,184,7
"1834",1,4,4,184,7
"1835",1,4,5,184,7
"1836",1,4,6,184,7
"1837",1,4,7,184,7
"1838",1,4,8,184,7
"1839",1,4,9,184,7
"1840",1,4,10,184,7
"1841",0,4,1,185,7
"1842",0,4,2,185,7
"1843",0,4,3,185,7
"1844",1,4,4,185,7
"1845",1,4,5,185,7
"1846",0,4,6,185,7
"1847",1,4,7,185,7
"1848",0,4,8,185,7
"1849",1,4,9,185,7
"1850",0,4,10,185,7
"1851",1,4,1,186,8
"1852",1,4,2,186,8
"1853",1,4,3,186,8
"1854",1,4,4,186,8
"1855",1,4,5,186,8
"1856",1,4,6,186,8
"1857",1,4,7,186,8
"1858",1,4,8,186,8
"1859",1,4,9,186,8
"1860",1,4,10,186,8
"1861",1,4,1,187,8
"1862",1,4,2,187,8
"1863",1,4,3,187,8
"1864",1,4,4,187,8
"1865",1,4,5,187,8
"1866",1,4,6,187,8
"1867",1,4,7,187,8
"1868",1,4,8,187,8
"1869",1,4,9,187,8
"1870",1,4,10,187,8
"1871",1,4,1,188,8
"1872",1,4,2,188,8
"1873",1,4,3,188,8
"1874",1,4,4,188,8
"1875",1,4,5,188,8
"1876",1,4,6,188,8
"1877",1,4,7,188,8
"1878",1,4,8,188,8
"1879",1,4,9,188,8
"1880",1,4,10,188,8
"1881",1,4,1,189,8
"1882",1,4,2,189,8
"1883",1,4,3,189,8
"1884",1,4,4,189,8
"1885",1,4,5,189,8
"1886",1,4,6,189,8
"1887",1,4,7,189,8
"1888",1,4,8,189,8
"1889",1,4,9,189,8
"1890",1,4,10,189,8
"1891",0,4,1,190,8
"1892",0,4,2,190,8
"1893",0,4,3,190,8
"1894",0,4,4,190,8
"1895",0,4,5,190,8
"1896",0,4,6,190,8
"1897",0,4,7,190,8
"1898",0,4,8,190,8
"1899",0,4,9,190,8
"1900",0,4,10,190,8
"1901",0,5,1,191,9
"1902",0,5,2,191,9
"1903",0,5,3,191,9
"1904",1,5,4,191,9
"1905",0,5,5,191,9
"1906",0,5,6,191,9
"1907",0,5,7,191,9
"1908",0,5,8,191,9
"1909",0,5,9,191,9
"1910",0,5,10,191,9
"1911",0,5,1,192,9
"1912",0,5,2,192,9
"1913",0,5,3,192,9
"1914",0,5,4,192,9
"1915",0,5,5,192,9
"1916",0,5,6,192,9
"1917",0,5,7,192,9
"1918",0,5,8,192,9
"1919",0,5,9,192,9
"1920",0,5,10,192,9
"1921",0,5,1,193,9
"1922",0,5,2,193,9
"1923",0,5,3,193,9
"1924",0,5,4,193,9
"1925",0,5,5,193,9
"1926",0,5,6,193,9
"1927",0,5,7,193,9
"1928",0,5,8,193,9
"1929",0,5,9,193,9
"1930",0,5,10,193,9
"1931",0,5,1,194,9
"1932",0,5,2,194,9
"1933",0,5,3,194,9
"1934",1,5,4,194,9
"1935",1,5,5,194,9
"1936",0,5,6,194,9
"1937",1,5,7,194,9
"1938",0,5,8,194,9
"1939",0,5,9,194,9
"1940",0,5,10,194,9
"1941",1,5,1,195,9
"1942",1,5,2,195,9
"1943",0,5,3,195,9
"1944",1,5,4,195,9
"1945",1,5,5,195,9
"1946",0,5,6,195,9
"1947",1,5,7,195,9
"1948",0,5,8,195,9
"1949",0,5,9,195,9
"1950",0,5,10,195,9
"1951",1,5,1,196,10
"1952",1,5,2,196,10
"1953",1,5,3,196,10
"1954",1,5,4,196,10
"1955",1,5,5,196,10
"1956",1,5,6,196,10
"1957",1,5,7,196,10
"1958",1,5,8,196,10
"1959",1,5,9,196,10
"1960",1,5,10,196,10
"1961",0,5,1,197,10
"1962",0,5,2,197,10
"1963",0,5,3,197,10
"1964",0,5,4,197,10
"1965",1,5,5,197,10
"1966",0,5,6,197,10
"1967",0,5,7,197,10
"1968",0,5,8,197,10
"1969",0,5,9,197,10
"1970",0,5,10,197,10
"1971",1,5,1,198,10
"1972",1,5,2,198,10
"1973",1,5,3,198,10
"1974",1,5,4,198,10
"1975",1,5,5,198,10
"1976",0,5,6,198,10
"1977",1,5,7,198,10
"1978",1,5,8,198,10
"1979",1,5,9,198,10
"1980",1,5,10,198,10
"1981",1,5,1,199,10
"1982",1,5,2,199,10
"1983",1,5,3,199,10
"1984",1,5,4,199,10
"1985",1,5,5,199,10
"1986",1,5,6,199,10
"1987",1,5,7,199,10
"1988",1,5,8,199,10
"1989",1,5,9,199,10
"1990",1,5,10,199,10
"1991",1,5,1,200,10
"1992",1,5,2,200,10
"1993",1,5,3,200,10
"1994",1,5,4,200,10
"1995",1,5,5,200,10
"1996",1,5,6,200,10
"1997",1,5,7,200,10
"1998",1,5,8,200,10
"1999",1,5,9,200,10
"2000",1,5,10,200,10
"2001",1,1,1,201,1
"2002",1,1,2,201,1
"2003",1,1,3,201,1
"2004",1,1,4,201,1
"2005",1,1,5,201,1
"2006",1,1,6,201,1
"2007",1,1,7,201,1
"2008",1,1,8,201,1
"2009",1,1,9,201,1
"2010",1,1,10,201,1
"2011",1,1,1,202,1
"2012",1,1,2,202,1
"2013",1,1,3,202,1
"2014",1,1,4,202,1
"2015",1,1,5,202,1
"2016",1,1,6,202,1
"2017",1,1,7,202,1
"2018",1,1,8,202,1
"2019",1,1,9,202,1
"2020",1,1,10,202,1
"2021",1,1,1,203,1
"2022",0,1,2,203,1
"2023",0,1,3,203,1
"2024",1,1,4,203,1
"2025",0,1,5,203,1
"2026",0,1,6,203,1
"2027",0,1,7,203,1
"2028",0,1,8,203,1
"2029",0,1,9,203,1
"2030",1,1,10,203,1
"2031",0,1,1,204,1
"2032",0,1,2,204,1
"2033",0,1,3,204,1
"2034",0,1,4,204,1
"2035",0,1,5,204,1
"2036",0,1,6,204,1
"2037",0,1,7,204,1
"2038",0,1,8,204,1
"2039",0,1,9,204,1
"2040",0,1,10,204,1
"2041",0,1,1,205,1
"2042",0,1,2,205,1
"2043",0,1,3,205,1
"2044",0,1,4,205,1
"2045",0,1,5,205,1
"2046",0,1,6,205,1
"2047",0,1,7,205,1
"2048",0,1,8,205,1
"2049",0,1,9,205,1
"2050",0,1,10,205,1
"2051",0,1,1,206,2
"2052",0,1,2,206,2
"2053",0,1,3,206,2
"2054",0,1,4,206,2
"2055",0,1,5,206,2
"2056",0,1,6,206,2
"2057",0,1,7,206,2
"2058",0,1,8,206,2
"2059",1,1,9,206,2
"2060",0,1,10,206,2
"2061",0,1,1,207,2
"2062",1,1,2,207,2
"2063",0,1,3,207,2
"2064",1,1,4,207,2
"2065",1,1,5,207,2
"2066",0,1,6,207,2
"2067",1,1,7,207,2
"2068",1,1,8,207,2
"2069",0,1,9,207,2
"2070",1,1,10,207,2
"2071",0,1,1,208,2
"2072",1,1,2,208,2
"2073",1,1,3,208,2
"2074",1,1,4,208,2
"2075",1,1,5,208,2
"2076",0,1,6,208,2
"2077",1,1,7,208,2
"2078",1,1,8,208,2
"2079",1,1,9,208,2
"2080",1,1,10,208,2
"2081",0,1,1,209,2
"2082",1,1,2,209,2
"2083",0,1,3,209,2
"2084",1,1,4,209,2
"2085",1,1,5,209,2
"2086",0,1,6,209,2
"2087",1,1,7,209,2
"2088",1,1,8,209,2
"2089",0,1,9,209,2
"2090",1,1,10,209,2
"2091",0,1,1,210,2
"2092",0,1,2,210,2
"2093",0,1,3,210,2
"2094",0,1,4,210,2
"2095",0,1,5,210,2
"2096",0,1,6,210,2
"2097",0,1,7,210,2
"2098",0,1,8,210,2
"2099",0,1,9,210,2
"2100",0,1,10,210,2
"2101",0,2,1,211,3
"2102",0,2,2,211,3
"2103",0,2,3,211,3
"2104",0,2,4,211,3
"2105",0,2,5,211,3
"2106",0,2,6,211,3
"2107",0,2,7,211,3
"2108",0,2,8,211,3
"2109",0,2,9,211,3
"2110",1,2,10,211,3
"2111",1,2,1,212,3
"2112",0,2,2,212,3
"2113",1,2,3,212,3
"2114",1,2,4,212,3
"2115",1,2,5,212,3
"2116",1,2,6,212,3
"2117",1,2,7,212,3
"2118",1,2,8,212,3
"2119",1,2,9,212,3
"2120",1,2,10,212,3
"2121",0,2,1,213,3
"2122",0,2,2,213,3
"2123",0,2,3,213,3
"2124",1,2,4,213,3
"2125",1,2,5,213,3
"2126",0,2,6,213,3
"2127",1,2,7,213,3
"2128",0,2,8,213,3
"2129",0,2,9,213,3
"2130",1,2,10,213,3
"2131",1,2,1,214,3
"2132",1,2,2,214,3
"2133",1,2,3,214,3
"2134",1,2,4,214,3
"2135",1,2,5,214,3
"2136",1,2,6,214,3
"2137",1,2,7,214,3
"2138",1,2,8,214,3
"2139",1,2,9,214,3
"2140",1,2,10,214,3
"2141",0,2,1,215,3
"2142",0,2,2,215,3
"2143",0,2,3,215,3
"2144",0,2,4,215,3
"2145",0,2,5,215,3
"2146",0,2,6,215,3
"2147",0,2,7,215,3
"2148",0,2,8,215,3
"2149",0,2,9,215,3
"2150",0,2,10,215,3
"2151",0,2,1,216,4
"2152",1,2,2,216,4
"2153",0,2,3,216,4
"2154",1,2,4,216,4
"2155",0,2,5,216,4
"2156",0,2,6,216,4
"2157",0,2,7,216,4
"2158",0,2,8,216,4
"2159",0,2,9,216,4
"2160",0,2,10,216,4
"2161",0,2,1,217,4
"2162",0,2,2,217,4
"2163",0,2,3,217,4
"2164",0,2,4,217,4
"2165",0,2,5,217,4
"2166",0,2,6,217,4
"2167",0,2,7,217,4
"2168",0,2,8,217,4
"2169",0,2,9,217,4
"2170",0,2,10,217,4
"2171",1,2,1,218,4
"2172",1,2,2,218,4
"2173",1,2,3,218,4
"2174",1,2,4,218,4
"2175",1,2,5,218,4
"2176",1,2,6,218,4
"2177",1,2,7,218,4
"2178",1,2,8,218,4
"2179",1,2,9,218,4
"2180",1,2,10,218,4
"2181",0,2,1,219,4
"2182",1,2,2,219,4
"2183",0,2,3,219,4
"2184",1,2,4,219,4
"2185",1,2,5,219,4
"2186",0,2,6,219,4
"2187",0,2,7,219,4
"2188",1,2,8,219,4
"2189",0,2,9,219,4
"2190",1,2,10,219,4
"2191",0,2,1,220,4
"2192",1,2,2,220,4
"2193",1,2,3,220,4
"2194",1,2,4,220,4
"2195",1,2,5,220,4
"2196",1,2,6,220,4
"2197",1,2,7,220,4
"2198",1,2,8,220,4
"2199",1,2,9,220,4
"2200",1,2,10,220,4
"2201",1,3,1,221,5
"2202",1,3,2,221,5
"2203",1,3,3,221,5
"2204",1,3,4,221,5
"2205",1,3,5,221,5
"2206",1,3,6,221,5
"2207",1,3,7,221,5
"2208",1,3,8,221,5
"2209",1,3,9,221,5
"2210",1,3,10,221,5
"2211",1,3,1,222,5
"2212",1,3,2,222,5
"2213",1,3,3,222,5
"2214",1,3,4,222,5
"2215",1,3,5,222,5
"2216",1,3,6,222,5
"2217",1,3,7,222,5
"2218",1,3,8,222,5
"2219",1,3,9,222,5
"2220",1,3,10,222,5
"2221",0,3,1,223,5
"2222",1,3,2,223,5
"2223",0,3,3,223,5
"2224",1,3,4,223,5
"2225",1,3,5,223,5
"2226",1,3,6,223,5
"2227",1,3,7,223,5
"2228",1,3,8,223,5
"2229",0,3,9,223,5
"2230",1,3,10,223,5
"2231",0,3,1,224,5
"2232",0,3,2,224,5
"2233",0,3,3,224,5
"2234",1,3,4,224,5
"2235",0,3,5,224,5
"2236",0,3,6,224,5
"2237",0,3,7,224,5
"2238",0,3,8,224,5
"2239",0,3,9,224,5
"2240",0,3,10,224,5
"2241",0,3,1,225,5
"2242",1,3,2,225,5
"2243",0,3,3,225,5
"2244",1,3,4,225,5
"2245",1,3,5,225,5
"2246",0,3,6,225,5
"2247",1,3,7,225,5
"2248",1,3,8,225,5
"2249",0,3,9,225,5
"2250",1,3,10,225,5
"2251",0,3,1,226,6
"2252",1,3,2,226,6
"2253",0,3,3,226,6
"2254",1,3,4,226,6
"2255",1,3,5,226,6
"2256",0,3,6,226,6
"2257",1,3,7,226,6
"2258",0,3,8,226,6
"2259",0,3,9,226,6
"2260",1,3,10,226,6
"2261",0,3,1,227,6
"2262",0,3,2,227,6
"2263",0,3,3,227,6
"2264",1,3,4,227,6
"2265",0,3,5,227,6
"2266",0,3,6,227,6
"2267",0,3,7,227,6
"2268",0,3,8,227,6
"2269",0,3,9,227,6
"2270",0,3,10,227,6
"2271",0,3,1,228,6
"2272",0,3,2,228,6
"2273",0,3,3,228,6
"2274",1,3,4,228,6
"2275",1,3,5,228,6
"2276",0,3,6,228,6
"2277",1,3,7,228,6
"2278",1,3,8,228,6
"2279",0,3,9,228,6
"2280",1,3,10,228,6
"2281",0,3,1,229,6
"2282",1,3,2,229,6
"2283",0,3,3,229,6
"2284",1,3,4,229,6
"2285",1,3,5,229,6
"2286",0,3,6,229,6
"2287",1,3,7,229,6
"2288",1,3,8,229,6
"2289",0,3,9,229,6
"2290",1,3,10,229,6
"2291",0,3,1,230,6
"2292",0,3,2,230,6
"2293",0,3,3,230,6
"2294",0,3,4,230,6
"2295",0,3,5,230,6
"2296",0,3,6,230,6
"2297",0,3,7,230,6
"2298",0,3,8,230,6
"2299",0,3,9,230,6
"2300",0,3,10,230,6
"2301",1,4,1,231,7
"2302",1,4,2,231,7
"2303",1,4,3,231,7
"2304",1,4,4,231,7
"2305",1,4,5,231,7
"2306",0,4,6,231,7
"2307",1,4,7,231,7
"2308",1,4,8,231,7
"2309",1,4,9,231,7
"2310",1,4,10,231,7
"2311",0,4,1,232,7
"2312",1,4,2,232,7
"2313",0,4,3,232,7
"2314",1,4,4,232,7
"2315",1,4,5,232,7
"2316",0,4,6,232,7
"2317",1,4,7,232,7
"2318",1,4,8,232,7
"2319",0,4,9,232,7
"2320",1,4,10,232,7
"2321",0,4,1,233,7
"2322",0,4,2,233,7
"2323",0,4,3,233,7
"2324",1,4,4,233,7
"2325",0,4,5,233,7
"2326",0,4,6,233,7
"2327",0,4,7,233,7
"2328",0,4,8,233,7
"2329",0,4,9,233,7
"2330",1,4,10,233,7
"2331",0,4,1,234,7
"2332",0,4,2,234,7
"2333",0,4,3,234,7
"2334",0,4,4,234,7
"2335",0,4,5,234,7
"2336",0,4,6,234,7
"2337",0,4,7,234,7
"2338",0,4,8,234,7
"2339",0,4,9,234,7
"2340",0,4,10,234,7
"2341",0,4,1,235,7
"2342",0,4,2,235,7
"2343",0,4,3,235,7
"2344",1,4,4,235,7
"2345",0,4,5,235,7
"2346",0,4,6,235,7
"2347",0,4,7,235,7
"2348",0,4,8,235,7
"2349",0,4,9,235,7
"2350",0,4,10,235,7
"2351",0,4,1,236,8
"2352",1,4,2,236,8
"2353",0,4,3,236,8
"2354",0,4,4,236,8
"2355",0,4,5,236,8
"2356",0,4,6,236,8
"2357",0,4,7,236,8
"2358",0,4,8,236,8
"2359",0,4,9,236,8
"2360",0,4,10,236,8
"2361",1,4,1,237,8
"2362",1,4,2,237,8
"2363",1,4,3,237,8
"2364",1,4,4,237,8
"2365",1,4,5,237,8
"2366",1,4,6,237,8
"2367",1,4,7,237,8
"2368",1,4,8,237,8
"2369",1,4,9,237,8
"2370",1,4,10,237,8
"2371",1,4,1,238,8
"2372",1,4,2,238,8
"2373",1,4,3,238,8
"2374",1,4,4,238,8
"2375",1,4,5,238,8
"2376",1,4,6,238,8
"2377",1,4,7,238,8
"2378",1,4,8,238,8
"2379",1,4,9,238,8
"2380",1,4,10,238,8
"2381",0,4,1,239,8
"2382",0,4,2,239,8
"2383",0,4,3,239,8
"2384",1,4,4,239,8
"2385",1,4,5,239,8
"2386",1,4,6,239,8
"2387",0,4,7,239,8
"2388",0,4,8,239,8
"2389",0,4,9,239,8
"2390",0,4,10,239,8
"2391",1,4,1,240,8
"2392",1,4,2,240,8
"2393",1,4,3,240,8
"2394",1,4,4,240,8
"2395",1,4,5,240,8
"2396",1,4,6,240,8
"2397",1,4,7,240,8
"2398",1,4,8,240,8
"2399",1,4,9,240,8
"2400",1,4,10,240,8
"2401",0,5,1,241,9
"2402",0,5,2,241,9
"2403",0,5,3,241,9
"2404",0,5,4,241,9
"2405",0,5,5,241,9
"2406",0,5,6,241,9
"2407",0,5,7,241,9
"2408",0,5,8,241,9
"2409",0,5,9,241,9
"2410",0,5,10,241,9
"2411",1,5,1,242,9
"2412",1,5,2,242,9
"2413",0,5,3,242,9
"2414",1,5,4,242,9
"2415",1,5,5,242,9
"2416",0,5,6,242,9
"2417",1,5,7,242,9
"2418",0,5,8,242,9
"2419",0,5,9,242,9
"2420",1,5,10,242,9
"2421",0,5,1,243,9
"2422",0,5,2,243,9
"2423",0,5,3,243,9
"2424",0,5,4,243,9
"2425",0,5,5,243,9
"2426",0,5,6,243,9
"2427",0,5,7,243,9
"2428",0,5,8,243,9
"2429",0,5,9,243,9
"2430",0,5,10,243,9
"2431",0,5,1,244,9
"2432",1,5,2,244,9
"2433",0,5,3,244,9
"2434",1,5,4,244,9
"2435",1,5,5,244,9
"2436",0,5,6,244,9
"2437",1,5,7,244,9
"2438",1,5,8,244,9
"2439",0,5,9,244,9
"2440",1,5,10,244,9
"2441",0,5,1,245,9
"2442",1,5,2,245,9
"2443",1,5,3,245,9
"2444",1,5,4,245,9
"2445",1,5,5,245,9
"2446",1,5,6,245,9
"2447",1,5,7,245,9
"2448",1,5,8,245,9
"2449",1,5,9,245,9
"2450",1,5,10,245,9
"2451",1,5,1,246,10
"2452",0,5,2,246,10
"2453",0,5,3,246,10
"2454",1,5,4,246,10
"2455",1,5,5,246,10
"2456",0,5,6,246,10
"2457",1,5,7,246,10
"2458",1,5,8,246,10
"2459",0,5,9,246,10
"2460",1,5,10,246,10
"2461",0,5,1,247,10
"2462",0,5,2,247,10
"2463",0,5,3,247,10
"2464",0,5,4,247,10
"2465",0,5,5,247,10
"2466",0,5,6,247,10
"2467",0,5,7,247,10
"2468",0,5,8,247,10
"2469",0,5,9,247,10
"2470",0,5,10,247,10
"2471",1,5,1,248,10
"2472",0,5,2,248,10
"2473",0,5,3,248,10
"2474",1,5,4,248,10
"2475",1,5,5,248,10
"2476",0,5,6,248,10
"2477",1,5,7,248,10
"2478",1,5,8,248,10
"2479",0,5,9,248,10
"2480",1,5,10,248,10
"2481",0,5,1,249,10
"2482",0,5,2,249,10
"2483",0,5,3,249,10
"2484",0,5,4,249,10
"2485",0,5,5,249,10
"2486",0,5,6,249,10
"2487",0,5,7,249,10
"2488",0,5,8,249,10
"2489",0,5,9,249,10
"2490",0,5,10,249,10
"2491",1,5,1,250,10
"2492",1,5,2,250,10
"2493",1,5,3,250,10
"2494",1,5,4,250,10
"2495",1,5,5,250,10
"2496",1,5,6,250,10
"2497",1,5,7,250,10
"2498",1,5,8,250,10
"2499",1,5,9,250,10
"2500",1,5,10,250,10
"2501",0,1,1,251,1
"2502",0,1,2,251,1
"2503",0,1,3,251,1
"2504",0,1,4,251,1
"2505",0,1,5,251,1
"2506",0,1,6,251,1
"2507",0,1,7,251,1
"2508",0,1,8,251,1
"2509",0,1,9,251,1
"2510",0,1,10,251,1
"2511",0,1,1,252,1
"2512",0,1,2,252,1
"2513",0,1,3,252,1
"2514",1,1,4,252,1
"2515",0,1,5,252,1
"2516",0,1,6,252,1
"2517",0,1,7,252,1
"2518",0,1,8,252,1
"2519",0,1,9,252,1
"2520",0,1,10,252,1
"2521",0,1,1,253,1
"2522",0,1,2,253,1
"2523",0,1,3,253,1
"2524",0,1,4,253,1
"2525",0,1,5,253,1
"2526",0,1,6,253,1
"2527",0,1,7,253,1
"2528",0,1,8,253,1
"2529",0,1,9,253,1
"2530",0,1,10,253,1
"2531",0,1,1,254,1
"2532",0,1,2,254,1
"2533",0,1,3,254,1
"2534",0,1,4,254,1
"2535",0,1,5,254,1
"2536",0,1,6,254,1
"2537",0,1,7,254,1
"2538",0,1,8,254,1
"2539",0,1,9,254,1
"2540",0,1,10,254,1
"2541",0,1,1,255,1
"2542",0,1,2,255,1
"2543",0,1,3,255,1
"2544",0,1,4,255,1
"2545",0,1,5,255,1
"2546",0,1,6,255,1
"2547",0,1,7,255,1
"2548",0,1,8,255,1
"2549",0,1,9,255,1
"2550",0,1,10,255,1
"2551",0,1,1,256,2
"2552",0,1,2,256,2
"2553",0,1,3,256,2
"2554",0,1,4,256,2
"2555",0,1,5,256,2
"2556",0,1,6,256,2
"2557",0,1,7,256,2
"2558",0,1,8,256,2
"2559",0,1,9,256,2
"2560",0,1,10,256,2
"2561",0,1,1,257,2
"2562",0,1,2,257,2
"2563",0,1,3,257,2
"2564",0,1,4,257,2
"2565",0,1,5,257,2
"2566",0,1,6,257,2
"2567",0,1,7,257,2
"2568",0,1,8,257,2
"2569",0,1,9,257,2
"2570",0,1,10,257,2
"2571",0,1,1,258,2
"2572",0,1,2,258,2
"2573",0,1,3,258,2
"2574",1,1,4,258,2
"2575",0,1,5,258,2
"2576",0,1,6,258,2
"2577",0,1,7,258,2
"2578",0,1,8,258,2
"2579",0,1,9,258,2
"2580",0,1,10,258,2
"2581",0,1,1,259,2
"2582",0,1,2,259,2
"2583",0,1,3,259,2
"2584",0,1,4,259,2
"2585",0,1,5,259,2
"2586",0,1,6,259,2
"2587",0,1,7,259,2
"2588",0,1,8,259,2
"2589",0,1,9,259,2
"2590",0,1,10,259,2
"2591",0,1,1,260,2
"2592",0,1,2,260,2
"2593",0,1,3,260,2
"2594",0,1,4,260,2
"2595",0,1,5,260,2
"2596",0,1,6,260,2
"2597",0,1,7,260,2
"2598",0,1,8,260,2
"2599",0,1,9,260,2
"2600",0,1,10,260,2
"2601",0,2,1,261,3
"2602",0,2,2,261,3
"2603",0,2,3,261,3
"2604",0,2,4,261,3
"2605",1,2,5,261,3
"2606",0,2,6,261,3
"2607",0,2,7,261,3
"2608",0,2,8,261,3
"2609",0,2,9,261,3
"2610",0,2,10,261,3
"2611",0,2,1,262,3
"2612",0,2,2,262,3
"2613",0,2,3,262,3
"2614",0,2,4,262,3
"2615",0,2,5,262,3
"2616",0,2,6,262,3
"2617",0,2,7,262,3
"2618",0,2,8,262,3
"2619",0,2,9,262,3
"2620",0,2,10,262,3
"2621",0,2,1,263,3
"2622",0,2,2,263,3
"2623",0,2,3,263,3
"2624",0,2,4,263,3
"2625",0,2,5,263,3
"2626",0,2,6,263,3
"2627",0,2,7,263,3
"2628",0,2,8,263,3
"2629",0,2,9,263,3
"2630",0,2,10,263,3
"2631",0,2,1,264,3
"2632",0,2,2,264,3
"2633",0,2,3,264,3
"2634",0,2,4,264,3
"2635",0,2,5,264,3
"2636",0,2,6,264,3
"2637",0,2,7,264,3
"2638",0,2,8,264,3
"2639",0,2,9,264,3
"2640",0,2,10,264,3
"2641",0,2,1,265,3
"2642",0,2,2,265,3
"2643",0,2,3,265,3
"2644",0,2,4,265,3
"2645",0,2,5,265,3
"2646",0,2,6,265,3
"2647",0,2,7,265,3
"2648",0,2,8,265,3
"2649",0,2,9,265,3
"2650",0,2,10,265,3
"2651",0,2,1,266,4
"2652",0,2,2,266,4
"2653",0,2,3,266,4
"2654",0,2,4,266,4
"2655",0,2,5,266,4
"2656",0,2,6,266,4
"2657",0,2,7,266,4
"2658",0,2,8,266,4
"2659",0,2,9,266,4
"2660",0,2,10,266,4
"2661",0,2,1,267,4
"2662",0,2,2,267,4
"2663",0,2,3,267,4
"2664",0,2,4,267,4
"2665",0,2,5,267,4
"2666",0,2,6,267,4
"2667",0,2,7,267,4
"2668",0,2,8,267,4
"2669",0,2,9,267,4
"2670",0,2,10,267,4
"2671",0,2,1,268,4
"2672",0,2,2,268,4
"2673",0,2,3,268,4
"2674",1,2,4,268,4
"2675",0,2,5,268,4
"2676",0,2,6,268,4
"2677",1,2,7,268,4
"2678",0,2,8,268,4
"2679",0,2,9,268,4
"2680",0,2,10,268,4
"2681",0,2,1,269,4
"2682",0,2,2,269,4
"2683",0,2,3,269,4
"2684",0,2,4,269,4
"2685",0,2,5,269,4
"2686",0,2,6,269,4
"2687",0,2,7,269,4
"2688",0,2,8,269,4
"2689",0,2,9,269,4
"2690",0,2,10,269,4
"2691",0,2,1,270,4
"2692",0,2,2,270,4
"2693",0,2,3,270,4
"2694",0,2,4,270,4
"2695",0,2,5,270,4
"2696",0,2,6,270,4
"2697",0,2,7,270,4
"2698",0,2,8,270,4
"2699",0,2,9,270,4
"2700",0,2,10,270,4
"2701",0,3,1,271,5
"2702",0,3,2,271,5
"2703",0,3,3,271,5
"2704",0,3,4,271,5
"2705",0,3,5,271,5
"2706",0,3,6,271,5
"2707",0,3,7,271,5
"2708",0,3,8,271,5
"2709",0,3,9,271,5
"2710",0,3,10,271,5
"2711",0,3,1,272,5
"2712",0,3,2,272,5
"2713",0,3,3,272,5
"2714",0,3,4,272,5
"2715",0,3,5,272,5
"2716",0,3,6,272,5
"2717",0,3,7,272,5
"2718",0,3,8,272,5
"2719",0,3,9,272,5
"2720",0,3,10,272,5
"2721",0,3,1,273,5
"2722",0,3,2,273,5
"2723",0,3,3,273,5
"2724",0,3,4,273,5
"2725",0,3,5,273,5
"2726",0,3,6,273,5
"2727",0,3,7,273,5
"2728",0,3,8,273,5
"2729",0,3,9,273,5
"2730",0,3,10,273,5
"2731",0,3,1,274,5
"2732",0,3,2,274,5
"2733",0,3,3,274,5
"2734",0,3,4,274,5
"2735",0,3,5,274,5
"2736",0,3,6,274,5
"2737",0,3,7,274,5
"2738",0,3,8,274,5
"2739",0,3,9,274,5
"2740",0,3,10,274,5
"2741",1,3,1,275,5
"2742",0,3,2,275,5
"2743",0,3,3,275,5
"2744",1,3,4,275,5
"2745",1,3,5,275,5
"2746",0,3,6,275,5
"2747",1,3,7,275,5
"2748",1,3,8,275,5
"2749",0,3,9,275,5
"2750",1,3,10,275,5
"2751",0,3,1,276,6
"2752",0,3,2,276,6
"2753",0,3,3,276,6
"2754",0,3,4,276,6
"2755",0,3,5,276,6
"2756",0,3,6,276,6
"2757",0,3,7,276,6
"2758",0,3,8,276,6
"2759",0,3,9,276,6
"2760",0,3,10,276,6
"2761",0,3,1,277,6
"2762",0,3,2,277,6
"2763",0,3,3,277,6
"2764",0,3,4,277,6
"2765",0,3,5,277,6
"2766",0,3,6,277,6
"2767",0,3,7,277,6
"2768",0,3,8,277,6
"2769",0,3,9,277,6
"2770",0,3,10,277,6
"2771",0,3,1,278,6
"2772",0,3,2,278,6
"2773",0,3,3,278,6
"2774",0,3,4,278,6
"2775",0,3,5,278,6
"2776",0,3,6,278,6
"2777",0,3,7,278,6
"2778",0,3,8,278,6
"2779",0,3,9,278,6
"2780",0,3,10,278,6
"2781",0,3,1,279,6
"2782",0,3,2,279,6
"2783",0,3,3,279,6
"2784",0,3,4,279,6
"2785",0,3,5,279,6
"2786",0,3,6,279,6
"2787",0,3,7,279,6
"2788",0,3,8,279,6
"2789",0,3,9,279,6
"2790",0,3,10,279,6
"2791",0,3,1,280,6
"2792",0,3,2,280,6
"2793",0,3,3,280,6
"2794",0,3,4,280,6
"2795",0,3,5,280,6
"2796",0,3,6,280,6
"2797",0,3,7,280,6
"2798",0,3,8,280,6
"2799",0,3,9,280,6
"2800",0,3,10,280,6
"2801",0,4,1,281,7
"2802",0,4,2,281,7
"2803",0,4,3,281,7
"2804",0,4,4,281,7
"2805",0,4,5,281,7
"2806",0,4,6,281,7
"2807",0,4,7,281,7
"2808",0,4,8,281,7
"2809",0,4,9,281,7
"2810",0,4,10,281,7
"2811",0,4,1,282,7
"2812",1,4,2,282,7
"2813",0,4,3,282,7
"2814",0,4,4,282,7
"2815",0,4,5,282,7
"2816",0,4,6,282,7
"2817",0,4,7,282,7
"2818",0,4,8,282,7
"2819",0,4,9,282,7
"2820",0,4,10,282,7
"2821",0,4,1,283,7
"2822",0,4,2,283,7
"2823",0,4,3,283,7
"2824",0,4,4,283,7
"2825",0,4,5,283,7
"2826",0,4,6,283,7
"2827",0,4,7,283,7
"2828",0,4,8,283,7
"2829",0,4,9,283,7
"2830",0,4,10,283,7
"2831",0,4,1,284,7
"2832",0,4,2,284,7
"2833",0,4,3,284,7
"2834",0,4,4,284,7
"2835",0,4,5,284,7
"2836",0,4,6,284,7
"2837",0,4,7,284,7
"2838",0,4,8,284,7
"2839",0,4,9,284,7
"2840",0,4,10,284,7
"2841",0,4,1,285,7
"2842",0,4,2,285,7
"2843",0,4,3,285,7
"2844",0,4,4,285,7
"2845",0,4,5,285,7
"2846",0,4,6,285,7
"2847",0,4,7,285,7
"2848",0,4,8,285,7
"2849",0,4,9,285,7
"2850",0,4,10,285,7
"2851",0,4,1,286,8
"2852",0,4,2,286,8
"2853",0,4,3,286,8
"2854",1,4,4,286,8
"2855",1,4,5,286,8
"2856",0,4,6,286,8
"2857",1,4,7,286,8
"2858",1,4,8,286,8
"2859",1,4,9,286,8
"2860",1,4,10,286,8
"2861",0,4,1,287,8
"2862",0,4,2,287,8
"2863",0,4,3,287,8
"2864",0,4,4,287,8
"2865",0,4,5,287,8
"2866",0,4,6,287,8
"2867",0,4,7,287,8
"2868",0,4,8,287,8
"2869",0,4,9,287,8
"2870",0,4,10,287,8
"2871",0,4,1,288,8
"2872",0,4,2,288,8
"2873",0,4,3,288,8
"2874",1,4,4,288,8
"2875",0,4,5,288,8
"2876",0,4,6,288,8
"2877",0,4,7,288,8
"2878",0,4,8,288,8
"2879",0,4,9,288,8
"2880",0,4,10,288,8
"2881",1,4,1,289,8
"2882",1,4,2,289,8
"2883",0,4,3,289,8
"2884",1,4,4,289,8
"2885",1,4,5,289,8
"2886",0,4,6,289,8
"2887",1,4,7,289,8
"2888",1,4,8,289,8
"2889",1,4,9,289,8
"2890",0,4,10,289,8
"2891",0,4,1,290,8
"2892",0,4,2,290,8
"2893",0,4,3,290,8
"2894",0,4,4,290,8
"2895",0,4,5,290,8
"2896",0,4,6,290,8
"2897",0,4,7,290,8
"2898",0,4,8,290,8
"2899",0,4,9,290,8
"2900",0,4,10,290,8
"2901",0,5,1,291,9
"2902",0,5,2,291,9
"2903",0,5,3,291,9
"2904",0,5,4,291,9
"2905",0,5,5,291,9
"2906",0,5,6,291,9
"2907",0,5,7,291,9
"2908",0,5,8,291,9
"2909",0,5,9,291,9
"2910",0,5,10,291,9
"2911",0,5,1,292,9
"2912",0,5,2,292,9
"2913",0,5,3,292,9
"2914",0,5,4,292,9
"2915",0,5,5,292,9
"2916",0,5,6,292,9
"2917",0,5,7,292,9
"2918",0,5,8,292,9
"2919",0,5,9,292,9
"2920",0,5,10,292,9
"2921",0,5,1,293,9
"2922",0,5,2,293,9
"2923",0,5,3,293,9
"2924",0,5,4,293,9
"2925",0,5,5,293,9
"2926",0,5,6,293,9
"2927",0,5,7,293,9
"2928",0,5,8,293,9
"2929",0,5,9,293,9
"2930",0,5,10,293,9
"2931",0,5,1,294,9
"2932",0,5,2,294,9
"2933",0,5,3,294,9
"2934",0,5,4,294,9
"2935",0,5,5,294,9
"2936",0,5,6,294,9
"2937",0,5,7,294,9
"2938",0,5,8,294,9
"2939",0,5,9,294,9
"2940",0,5,10,294,9
"2941",1,5,1,295,9
"2942",1,5,2,295,9
"2943",0,5,3,295,9
"2944",1,5,4,295,9
"2945",1,5,5,295,9
"2946",1,5,6,295,9
"2947",1,5,7,295,9
"2948",0,5,8,295,9
"2949",0,5,9,295,9
"2950",1,5,10,295,9
"2951",0,5,1,296,10
"2952",1,5,2,296,10
"2953",0,5,3,296,10
"2954",1,5,4,296,10
"2955",1,5,5,296,10
"2956",0,5,6,296,10
"2957",1,5,7,296,10
"2958",1,5,8,296,10
"2959",1,5,9,296,10
"2960",1,5,10,296,10
"2961",0,5,1,297,10
"2962",0,5,2,297,10
"2963",0,5,3,297,10
"2964",0,5,4,297,10
"2965",0,5,5,297,10
"2966",0,5,6,297,10
"2967",0,5,7,297,10
"2968",0,5,8,297,10
"2969",0,5,9,297,10
"2970",0,5,10,297,10
"2971",0,5,1,298,10
"2972",0,5,2,298,10
"2973",0,5,3,298,10
"2974",0,5,4,298,10
"2975",0,5,5,298,10
"2976",0,5,6,298,10
"2977",0,5,7,298,10
"2978",0,5,8,298,10
"2979",0,5,9,298,10
"2980",0,5,10,298,10
"2981",0,5,1,299,10
"2982",0,5,2,299,10
"2983",0,5,3,299,10
"2984",0,5,4,299,10
"2985",0,5,5,299,10
"2986",0,5,6,299,10
"2987",0,5,7,299,10
"2988",0,5,8,299,10
"2989",0,5,9,299,10
"2990",0,5,10,299,10
"2991",0,5,1,300,10
"2992",0,5,2,300,10
"2993",0,5,3,300,10
"2994",0,5,4,300,10
"2995",0,5,5,300,10
"2996",0,5,6,300,10
"2997",0,5,7,300,10
"2998",0,5,8,300,10
"2999",0,5,9,300,10
"3000",0,5,10,300,10
"3001",1,1,1,301,1
"3002",1,1,2,301,1
"3003",1,1,3,301,1
"3004",1,1,4,301,1
"3005",1,1,5,301,1
"3006",1,1,6,301,1
"3007",1,1,7,301,1
"3008",1,1,8,301,1
"3009",1,1,9,301,1
"3010",1,1,10,301,1
"3011",1,1,1,302,1
"3012",1,1,2,302,1
"3013",1,1,3,302,1
"3014",1,1,4,302,1
"3015",1,1,5,302,1
"3016",1,1,6,302,1
"3017",1,1,7,302,1
"3018",1,1,8,302,1
"3019",1,1,9,302,1
"3020",1,1,10,302,1
"3021",0,1,1,303,1
"3022",0,1,2,303,1
"3023",0,1,3,303,1
"3024",0,1,4,303,1
"3025",0,1,5,303,1
"3026",0,1,6,303,1
"3027",0,1,7,303,1
"3028",0,1,8,303,1
"3029",0,1,9,303,1
"3030",0,1,10,303,1
"3031",1,1,1,304,1
"3032",1,1,2,304,1
"3033",1,1,3,304,1
"3034",1,1,4,304,1
"3035",1,1,5,304,1
"3036",1,1,6,304,1
"3037",1,1,7,304,1
"3038",1,1,8,304,1
"3039",1,1,9,304,1
"3040",1,1,10,304,1
"3041",1,1,1,305,1
"3042",1,1,2,305,1
"3043",1,1,3,305,1
"3044",1,1,4,305,1
"3045",1,1,5,305,1
"3046",1,1,6,305,1
"3047",1,1,7,305,1
"3048",1,1,8,305,1
"3049",1,1,9,305,1
"3050",1,1,10,305,1
"3051",1,1,1,306,2
"3052",1,1,2,306,2
"3053",1,1,3,306,2
"3054",1,1,4,306,2
"3055",1,1,5,306,2
"3056",1,1,6,306,2
"3057",1,1,7,306,2
"3058",1,1,8,306,2
"3059",1,1,9,306,2
"3060",1,1,10,306,2
"3061",1,1,1,307,2
"3062",1,1,2,307,2
"3063",1,1,3,307,2
"3064",1,1,4,307,2
"3065",1,1,5,307,2
"3066",1,1,6,307,2
"3067",1,1,7,307,2
"3068",1,1,8,307,2
"3069",1,1,9,307,2
"3070",1,1,10,307,2
"3071",1,1,1,308,2
"3072",1,1,2,308,2
"3073",1,1,3,308,2
"3074",1,1,4,308,2
"3075",1,1,5,308,2
"3076",1,1,6,308,2
"3077",1,1,7,308,2
"3078",1,1,8,308,2
"3079",1,1,9,308,2
"3080",1,1,10,308,2
"3081",0,1,1,309,2
"3082",0,1,2,309,2
"3083",0,1,3,309,2
"3084",0,1,4,309,2
"3085",0,1,5,309,2
"3086",0,1,6,309,2
"3087",0,1,7,309,2
"3088",0,1,8,309,2
"3089",0,1,9,309,2
"3090",0,1,10,309,2
"3091",1,1,1,310,2
"3092",1,1,2,310,2
"3093",1,1,3,310,2
"3094",1,1,4,310,2
"3095",1,1,5,310,2
"3096",1,1,6,310,2
"3097",1,1,7,310,2
"3098",1,1,8,310,2
"3099",1,1,9,310,2
"3100",1,1,10,310,2
"3101",0,2,1,311,3
"3102",0,2,2,311,3
"3103",1,2,3,311,3
"3104",1,2,4,311,3
"3105",1,2,5,311,3
"3106",0,2,6,311,3
"3107",0,2,7,311,3
"3108",1,2,8,311,3
"3109",0,2,9,311,3
"3110",1,2,10,311,3
"3111",1,2,1,312,3
"3112",1,2,2,312,3
"3113",1,2,3,312,3
"3114",1,2,4,312,3
"3115",1,2,5,312,3
"3116",1,2,6,312,3
"3117",1,2,7,312,3
"3118",1,2,8,312,3
"3119",1,2,9,312,3
"3120",1,2,10,312,3
"3121",1,2,1,313,3
"3122",1,2,2,313,3
"3123",1,2,3,313,3
"3124",1,2,4,313,3
"3125",1,2,5,313,3
"3126",1,2,6,313,3
"3127",1,2,7,313,3
"3128",1,2,8,313,3
"3129",1,2,9,313,3
"3130",1,2,10,313,3
"3131",1,2,1,314,3
"3132",1,2,2,314,3
"3133",1,2,3,314,3
"3134",1,2,4,314,3
"3135",1,2,5,314,3
"3136",1,2,6,314,3
"3137",1,2,7,314,3
"3138",1,2,8,314,3
"3139",1,2,9,314,3
"3140",1,2,10,314,3
"3141",1,2,1,315,3
"3142",1,2,2,315,3
"3143",1,2,3,315,3
"3144",1,2,4,315,3
"3145",1,2,5,315,3
"3146",1,2,6,315,3
"3147",1,2,7,315,3
"3148",1,2,8,315,3
"3149",1,2,9,315,3
"3150",1,2,10,315,3
"3151",1,2,1,316,4
"3152",1,2,2,316,4
"3153",0,2,3,316,4
"3154",1,2,4,316,4
"3155",1,2,5,316,4
"3156",0,2,6,316,4
"3157",1,2,7,316,4
"3158",1,2,8,316,4
"3159",1,2,9,316,4
"3160",1,2,10,316,4
"3161",1,2,1,317,4
"3162",0,2,2,317,4
"3163",1,2,3,317,4
"3164",1,2,4,317,4
"3165",1,2,5,317,4
"3166",1,2,6,317,4
"3167",1,2,7,317,4
"3168",1,2,8,317,4
"3169",1,2,9,317,4
"3170",1,2,10,317,4
"3171",1,2,1,318,4
"3172",1,2,2,318,4
"3173",1,2,3,318,4
"3174",1,2,4,318,4
"3175",1,2,5,318,4
"3176",1,2,6,318,4
"3177",1,2,7,318,4
"3178",1,2,8,318,4
"3179",1,2,9,318,4
"3180",1,2,10,318,4
"3181",1,2,1,319,4
"3182",1,2,2,319,4
"3183",1,2,3,319,4
"3184",1,2,4,319,4
"3185",1,2,5,319,4
"3186",1,2,6,319,4
"3187",1,2,7,319,4
"3188",1,2,8,319,4
"3189",1,2,9,319,4
"3190",1,2,10,319,4
"3191",1,2,1,320,4
"3192",0,2,2,320,4
"3193",0,2,3,320,4
"3194",1,2,4,320,4
"3195",1,2,5,320,4
"3196",0,2,6,320,4
"3197",1,2,7,320,4
"3198",1,2,8,320,4
"3199",0,2,9,320,4
"3200",1,2,10,320,4
"3201",1,3,1,321,5
"3202",1,3,2,321,5
"3203",1,3,3,321,5
"3204",1,3,4,321,5
"3205",1,3,5,321,5
"3206",1,3,6,321,5
"3207",1,3,7,321,5
"3208",1,3,8,321,5
"3209",1,3,9,321,5
"3210",1,3,10,321,5
"3211",1,3,1,322,5
"3212",1,3,2,322,5
"3213",1,3,3,322,5
"3214",1,3,4,322,5
"3215",1,3,5,322,5
"3216",1,3,6,322,5
"3217",1,3,7,322,5
"3218",1,3,8,322,5
"3219",1,3,9,322,5
"3220",1,3,10,322,5
"3221",1,3,1,323,5
"3222",1,3,2,323,5
"3223",1,3,3,323,5
"3224",1,3,4,323,5
"3225",1,3,5,323,5
"3226",1,3,6,323,5
"3227",1,3,7,323,5
"3228",1,3,8,323,5
"3229",1,3,9,323,5
"3230",1,3,10,323,5
"3231",1,3,1,324,5
"3232",1,3,2,324,5
"3233",1,3,3,324,5
"3234",1,3,4,324,5
"3235",1,3,5,324,5
"3236",1,3,6,324,5
"3237",1,3,7,324,5
"3238",1,3,8,324,5
"3239",1,3,9,324,5
"3240",1,3,10,324,5
"3241",1,3,1,325,5
"3242",1,3,2,325,5
"3243",1,3,3,325,5
"3244",1,3,4,325,5
"3245",1,3,5,325,5
"3246",1,3,6,325,5
"3247",1,3,7,325,5
"3248",1,3,8,325,5
"3249",1,3,9,325,5
"3250",1,3,10,325,5
"3251",1,3,1,326,6
"3252",1,3,2,326,6
"3253",1,3,3,326,6
"3254",1,3,4,326,6
"3255",1,3,5,326,6
"3256",1,3,6,326,6
"3257",1,3,7,326,6
"3258",1,3,8,326,6
"3259",1,3,9,326,6
"3260",1,3,10,326,6
"3261",1,3,1,327,6
"3262",1,3,2,327,6
"3263",1,3,3,327,6
"3264",1,3,4,327,6
"3265",1,3,5,327,6
"3266",1,3,6,327,6
"3267",1,3,7,327,6
"3268",1,3,8,327,6
"3269",1,3,9,327,6
"3270",1,3,10,327,6
"3271",1,3,1,328,6
"3272",1,3,2,328,6
"3273",1,3,3,328,6
"3274",1,3,4,328,6
"3275",1,3,5,328,6
"3276",0,3,6,328,6
"3277",1,3,7,328,6
"3278",1,3,8,328,6
"3279",1,3,9,328,6
"3280",1,3,10,328,6
"3281",1,3,1,329,6
"3282",1,3,2,329,6
"3283",1,3,3,329,6
"3284",1,3,4,329,6
"3285",1,3,5,329,6
"3286",0,3,6,329,6
"3287",1,3,7,329,6
"3288",1,3,8,329,6
"3289",1,3,9,329,6
"3290",1,3,10,329,6
"3291",1,3,1,330,6
"3292",1,3,2,330,6
"3293",1,3,3,330,6
"3294",1,3,4,330,6
"3295",1,3,5,330,6
"3296",1,3,6,330,6
"3297",1,3,7,330,6
"3298",1,3,8,330,6
"3299",1,3,9,330,6
"3300",1,3,10,330,6
"3301",1,4,1,331,7
"3302",1,4,2,331,7
"3303",1,4,3,331,7
"3304",1,4,4,331,7
"3305",1,4,5,331,7
"3306",1,4,6,331,7
"3307",1,4,7,331,7
"3308",1,4,8,331,7
"3309",1,4,9,331,7
"3310",1,4,10,331,7
"3311",1,4,1,332,7
"3312",1,4,2,332,7
"3313",1,4,3,332,7
"3314",1,4,4,332,7
"3315",1,4,5,332,7
"3316",1,4,6,332,7
"3317",1,4,7,332,7
"3318",1,4,8,332,7
"3319",1,4,9,332,7
"3320",1,4,10,332,7
"3321",1,4,1,333,7
"3322",1,4,2,333,7
"3323",1,4,3,333,7
"3324",1,4,4,333,7
"3325",1,4,5,333,7
"3326",1,4,6,333,7
"3327",1,4,7,333,7
"3328",1,4,8,333,7
"3329",1,4,9,333,7
"3330",1,4,10,333,7
"3331",1,4,1,334,7
"3332",1,4,2,334,7
"3333",1,4,3,334,7
"3334",1,4,4,334,7
"3335",1,4,5,334,7
"3336",1,4,6,334,7
"3337",1,4,7,334,7
"3338",1,4,8,334,7
"3339",1,4,9,334,7
"3340",1,4,10,334,7
"3341",1,4,1,335,7
"3342",1,4,2,335,7
"3343",1,4,3,335,7
"3344",1,4,4,335,7
"3345",1,4,5,335,7
"3346",1,4,6,335,7
"3347",1,4,7,335,7
"3348",1,4,8,335,7
"3349",1,4,9,335,7
"3350",1,4,10,335,7
"3351",1,4,1,336,8
"3352",1,4,2,336,8
"3353",1,4,3,336,8
"3354",1,4,4,336,8
"3355",1,4,5,336,8
"3356",0,4,6,336,8
"3357",1,4,7,336,8
"3358",1,4,8,336,8
"3359",0,4,9,336,8
"3360",1,4,10,336,8
"3361",0,4,1,337,8
"3362",1,4,2,337,8
"3363",0,4,3,337,8
"3364",1,4,4,337,8
"3365",1,4,5,337,8
"3366",0,4,6,337,8
"3367",0,4,7,337,8
"3368",1,4,8,337,8
"3369",0,4,9,337,8
"3370",1,4,10,337,8
"3371",1,4,1,338,8
"3372",1,4,2,338,8
"3373",1,4,3,338,8
"3374",1,4,4,338,8
"3375",1,4,5,338,8
"3376",1,4,6,338,8
"3377",1,4,7,338,8
"3378",1,4,8,338,8
"3379",1,4,9,338,8
"3380",1,4,10,338,8
"3381",1,4,1,339,8
"3382",1,4,2,339,8
"3383",1,4,3,339,8
"3384",1,4,4,339,8
"3385",1,4,5,339,8
"3386",1,4,6,339,8
"3387",1,4,7,339,8
"3388",1,4,8,339,8
"3389",1,4,9,339,8
"3390",1,4,10,339,8
"3391",1,4,1,340,8
"3392",1,4,2,340,8
"3393",1,4,3,340,8
"3394",1,4,4,340,8
"3395",1,4,5,340,8
"3396",1,4,6,340,8
"3397",1,4,7,340,8
"3398",1,4,8,340,8
"3399",1,4,9,340,8
"3400",1,4,10,340,8
"3401",1,5,1,341,9
"3402",1,5,2,341,9
"3403",1,5,3,341,9
"3404",1,5,4,341,9
"3405",1,5,5,341,9
"3406",1,5,6,341,9
"3407",1,5,7,341,9
"3408",1,5,8,341,9
"3409",1,5,9,341,9
"3410",1,5,10,341,9
"3411",1,5,1,342,9
"3412",1,5,2,342,9
"3413",1,5,3,342,9
"3414",1,5,4,342,9
"3415",1,5,5,342,9
"3416",1,5,6,342,9
"3417",1,5,7,342,9
"3418",1,5,8,342,9
"3419",1,5,9,342,9
"3420",1,5,10,342,9
"3421",1,5,1,343,9
"3422",1,5,2,343,9
"3423",1,5,3,343,9
"3424",1,5,4,343,9
"3425",1,5,5,343,9
"3426",1,5,6,343,9
"3427",1,5,7,343,9
"3428",1,5,8,343,9
"3429",1,5,9,343,9
"3430",1,5,10,343,9
"3431",1,5,1,344,9
"3432",1,5,2,344,9
"3433",1,5,3,344,9
"3434",1,5,4,344,9
"3435",1,5,5,344,9
"3436",1,5,6,344,9
"3437",1,5,7,344,9
"3438",1,5,8,344,9
"3439",0,5,9,344,9
"3440",1,5,10,344,9
"3441",1,5,1,345,9
"3442",1,5,2,345,9
"3443",1,5,3,345,9
"3444",1,5,4,345,9
"3445",1,5,5,345,9
"3446",1,5,6,345,9
"3447",1,5,7,345,9
"3448",1,5,8,345,9
"3449",1,5,9,345,9
"3450",1,5,10,345,9
"3451",1,5,1,346,10
"3452",1,5,2,346,10
"3453",1,5,3,346,10
"3454",1,5,4,346,10
"3455",1,5,5,346,10
"3456",1,5,6,346,10
"3457",1,5,7,346,10
"3458",1,5,8,346,10
"3459",1,5,9,346,10
"3460",1,5,10,346,10
"3461",1,5,1,347,10
"3462",1,5,2,347,10
"3463",1,5,3,347,10
"3464",1,5,4,347,10
"3465",1,5,5,347,10
"3466",1,5,6,347,10
"3467",1,5,7,347,10
"3468",1,5,8,347,10
"3469",1,5,9,347,10
"3470",1,5,10,347,10
"3471",1,5,1,348,10
"3472",1,5,2,348,10
"3473",1,5,3,348,10
"3474",1,5,4,348,10
"3475",1,5,5,348,10
"3476",1,5,6,348,10
"3477",1,5,7,348,10
"3478",1,5,8,348,10
"3479",1,5,9,348,10
"3480",1,5,10,348,10
"3481",1,5,1,349,10
"3482",1,5,2,349,10
"3483",1,5,3,349,10
"3484",1,5,4,349,10
"3485",1,5,5,349,10
"3486",1,5,6,349,10
"3487",1,5,7,349,10
"3488",1,5,8,349,10
"3489",1,5,9,349,10
"3490",1,5,10,349,10
"3491",1,5,1,350,10
"3492",1,5,2,350,10
"3493",1,5,3,350,10
"3494",1,5,4,350,10
"3495",1,5,5,350,10
"3496",1,5,6,350,10
"3497",1,5,7,350,10
"3498",1,5,8,350,10
"3499",1,5,9,350,10
"3500",1,5,10,350,10
"3501",0,1,1,351,1
"3502",0,1,2,351,1
"3503",0,1,3,351,1
"3504",0,1,4,351,1
"3505",0,1,5,351,1
"3506",0,1,6,351,1
"3507",0,1,7,351,1
"3508",0,1,8,351,1
"3509",0,1,9,351,1
"3510",0,1,10,351,1
"3511",0,1,1,352,1
"3512",0,1,2,352,1
"3513",0,1,3,352,1
"3514",0,1,4,352,1
"3515",0,1,5,352,1
"3516",0,1,6,352,1
"3517",0,1,7,352,1
"3518",0,1,8,352,1
"3519",0,1,9,352,1
"3520",0,1,10,352,1
"3521",0,1,1,353,1
"3522",1,1,2,353,1
"3523",1,1,3,353,1
"3524",1,1,4,353,1
"3525",1,1,5,353,1
"3526",1,1,6,353,1
"3527",1,1,7,353,1
"3528",1,1,8,353,1
"3529",1,1,9,353,1
"3530",1,1,10,353,1
"3531",1,1,1,354,1
"3532",1,1,2,354,1
"3533",1,1,3,354,1
"3534",1,1,4,354,1
"3535",1,1,5,354,1
"3536",1,1,6,354,1
"3537",1,1,7,354,1
"3538",1,1,8,354,1
"3539",1,1,9,354,1
"3540",1,1,10,354,1
"3541",1,1,1,355,1
"3542",0,1,2,355,1
"3543",0,1,3,355,1
"3544",1,1,4,355,1
"3545",1,1,5,355,1
"3546",0,1,6,355,1
"3547",1,1,7,355,1
"3548",1,1,8,355,1
"3549",1,1,9,355,1
"3550",1,1,10,355,1
"3551",0,1,1,356,2
"3552",0,1,2,356,2
"3553",0,1,3,356,2
"3554",0,1,4,356,2
"3555",0,1,5,356,2
"3556",0,1,6,356,2
"3557",0,1,7,356,2
"3558",0,1,8,356,2
"3559",0,1,9,356,2
"3560",0,1,10,356,2
"3561",0,1,1,357,2
"3562",0,1,2,357,2
"3563",0,1,3,357,2
"3564",0,1,4,357,2
"3565",0,1,5,357,2
"3566",0,1,6,357,2
"3567",0,1,7,357,2
"3568",0,1,8,357,2
"3569",0,1,9,357,2
"3570",0,1,10,357,2
"3571",0,1,1,358,2
"3572",0,1,2,358,2
"3573",0,1,3,358,2
"3574",0,1,4,358,2
"3575",0,1,5,358,2
"3576",0,1,6,358,2
"3577",0,1,7,358,2
"3578",0,1,8,358,2
"3579",0,1,9,358,2
"3580",0,1,10,358,2
"3581",0,1,1,359,2
"3582",0,1,2,359,2
"3583",0,1,3,359,2
"3584",0,1,4,359,2
"3585",0,1,5,359,2
"3586",0,1,6,359,2
"3587",0,1,7,359,2
"3588",0,1,8,359,2
"3589",0,1,9,359,2
"3590",0,1,10,359,2
"3591",0,1,1,360,2
"3592",1,1,2,360,2
"3593",0,1,3,360,2
"3594",1,1,4,360,2
"3595",0,1,5,360,2
"3596",0,1,6,360,2
"3597",1,1,7,360,2
"3598",1,1,8,360,2
"3599",1,1,9,360,2
"3600",1,1,10,360,2
"3601",0,2,1,361,3
"3602",0,2,2,361,3
"3603",0,2,3,361,3
"3604",1,2,4,361,3
"3605",1,2,5,361,3
"3606",0,2,6,361,3
"3607",0,2,7,361,3
"3608",1,2,8,361,3
"3609",1,2,9,361,3
"3610",0,2,10,361,3
"3611",0,2,1,362,3
"3612",0,2,2,362,3
"3613",0,2,3,362,3
"3614",0,2,4,362,3
"3615",0,2,5,362,3
"3616",0,2,6,362,3
"3617",0,2,7,362,3
"3618",0,2,8,362,3
"3619",0,2,9,362,3
"3620",0,2,10,362,3
"3621",1,2,1,363,3
"3622",0,2,2,363,3
"3623",0,2,3,363,3
"3624",1,2,4,363,3
"3625",1,2,5,363,3
"3626",1,2,6,363,3
"3627",1,2,7,363,3
"3628",0,2,8,363,3
"3629",0,2,9,363,3
"3630",1,2,10,363,3
"3631",1,2,1,364,3
"3632",1,2,2,364,3
"3633",1,2,3,364,3
"3634",1,2,4,364,3
"3635",1,2,5,364,3
"3636",0,2,6,364,3
"3637",1,2,7,364,3
"3638",1,2,8,364,3
"3639",1,2,9,364,3
"3640",1,2,10,364,3
"3641",0,2,1,365,3
"3642",0,2,2,365,3
"3643",0,2,3,365,3
"3644",1,2,4,365,3
"3645",0,2,5,365,3
"3646",0,2,6,365,3
"3647",1,2,7,365,3
"3648",0,2,8,365,3
"3649",0,2,9,365,3
"3650",0,2,10,365,3
"3651",0,2,1,366,4
"3652",0,2,2,366,4
"3653",0,2,3,366,4
"3654",0,2,4,366,4
"3655",0,2,5,366,4
"3656",0,2,6,366,4
"3657",0,2,7,366,4
"3658",0,2,8,366,4
"3659",0,2,9,366,4
"3660",0,2,10,366,4
"3661",0,2,1,367,4
"3662",0,2,2,367,4
"3663",0,2,3,367,4
"3664",0,2,4,367,4
"3665",0,2,5,367,4
"3666",0,2,6,367,4
"3667",0,2,7,367,4
"3668",0,2,8,367,4
"3669",0,2,9,367,4
"3670",0,2,10,367,4
"3671",0,2,1,368,4
"3672",0,2,2,368,4
"3673",0,2,3,368,4
"3674",0,2,4,368,4
"3675",0,2,5,368,4
"3676",0,2,6,368,4
"3677",0,2,7,368,4
"3678",0,2,8,368,4
"3679",0,2,9,368,4
"3680",0,2,10,368,4
"3681",1,2,1,369,4
"3682",1,2,2,369,4
"3683",1,2,3,369,4
"3684",1,2,4,369,4
"3685",1,2,5,369,4
"3686",1,2,6,369,4
"3687",1,2,7,369,4
"3688",1,2,8,369,4
"3689",1,2,9,369,4
"3690",1,2,10,369,4
"3691",0,2,1,370,4
"3692",1,2,2,370,4
"3693",0,2,3,370,4
"3694",1,2,4,370,4
"3695",1,2,5,370,4
"3696",0,2,6,370,4
"3697",1,2,7,370,4
"3698",1,2,8,370,4
"3699",0,2,9,370,4
"3700",1,2,10,370,4
"3701",0,3,1,371,5
"3702",0,3,2,371,5
"3703",0,3,3,371,5
"3704",0,3,4,371,5
"3705",0,3,5,371,5
"3706",0,3,6,371,5
"3707",0,3,7,371,5
"3708",0,3,8,371,5
"3709",0,3,9,371,5
"3710",0,3,10,371,5
"3711",0,3,1,372,5
"3712",0,3,2,372,5
"3713",0,3,3,372,5
"3714",0,3,4,372,5
"3715",0,3,5,372,5
"3716",0,3,6,372,5
"3717",0,3,7,372,5
"3718",0,3,8,372,5
"3719",0,3,9,372,5
"3720",0,3,10,372,5
"3721",1,3,1,373,5
"3722",0,3,2,373,5
"3723",0,3,3,373,5
"3724",1,3,4,373,5
"3725",1,3,5,373,5
"3726",0,3,6,373,5
"3727",0,3,7,373,5
"3728",0,3,8,373,5
"3729",0,3,9,373,5
"3730",1,3,10,373,5
"3731",1,3,1,374,5
"3732",1,3,2,374,5
"3733",1,3,3,374,5
"3734",1,3,4,374,5
"3735",1,3,5,374,5
"3736",1,3,6,374,5
"3737",1,3,7,374,5
"3738",1,3,8,374,5
"3739",1,3,9,374,5
"3740",1,3,10,374,5
"3741",1,3,1,375,5
"3742",1,3,2,375,5
"3743",1,3,3,375,5
"3744",1,3,4,375,5
"3745",1,3,5,375,5
"3746",1,3,6,375,5
"3747",1,3,7,375,5
"3748",1,3,8,375,5
"3749",0,3,9,375,5
"3750",1,3,10,375,5
"3751",1,3,1,376,6
"3752",1,3,2,376,6
"3753",1,3,3,376,6
"3754",1,3,4,376,6
"3755",1,3,5,376,6
"3756",1,3,6,376,6
"3757",1,3,7,376,6
"3758",1,3,8,376,6
"3759",1,3,9,376,6
"3760",1,3,10,376,6
"3761",0,3,1,377,6
"3762",0,3,2,377,6
"3763",0,3,3,377,6
"3764",0,3,4,377,6
"3765",0,3,5,377,6
"3766",0,3,6,377,6
"3767",0,3,7,377,6
"3768",0,3,8,377,6
"3769",0,3,9,377,6
"3770",0,3,10,377,6
"3771",0,3,1,378,6
"3772",0,3,2,378,6
"3773",0,3,3,378,6
"3774",0,3,4,378,6
"3775",0,3,5,378,6
"3776",0,3,6,378,6
"3777",0,3,7,378,6
"3778",0,3,8,378,6
"3779",0,3,9,378,6
"3780",0,3,10,378,6
"3781",0,3,1,379,6
"3782",0,3,2,379,6
"3783",0,3,3,379,6
"3784",1,3,4,379,6
"3785",1,3,5,379,6
"3786",0,3,6,379,6
"3787",1,3,7,379,6
"3788",0,3,8,379,6
"3789",0,3,9,379,6
"3790",0,3,10,379,6
"3791",0,3,1,380,6
"3792",0,3,2,380,6
"3793",0,3,3,380,6
"3794",0,3,4,380,6
"3795",0,3,5,380,6
"3796",0,3,6,380,6
"3797",0,3,7,380,6
"3798",0,3,8,380,6
"3799",0,3,9,380,6
"3800",0,3,10,380,6
"3801",0,4,1,381,7
"3802",0,4,2,381,7
"3803",0,4,3,381,7
"3804",0,4,4,381,7
"3805",0,4,5,381,7
"3806",0,4,6,381,7
"3807",0,4,7,381,7
"3808",0,4,8,381,7
"3809",0,4,9,381,7
"3810",0,4,10,381,7
"3811",0,4,1,382,7
"3812",0,4,2,382,7
"3813",0,4,3,382,7
"3814",1,4,4,382,7
"3815",1,4,5,382,7
"3816",0,4,6,382,7
"3817",1,4,7,382,7
"3818",0,4,8,382,7
"3819",0,4,9,382,7
"3820",1,4,10,382,7
"3821",1,4,1,383,7
"3822",0,4,2,383,7
"3823",0,4,3,383,7
"3824",1,4,4,383,7
"3825",0,4,5,383,7
"3826",0,4,6,383,7
"3827",0,4,7,383,7
"3828",0,4,8,383,7
"3829",0,4,9,383,7
"3830",0,4,10,383,7
"3831",0,4,1,384,7
"3832",1,4,2,384,7
"3833",0,4,3,384,7
"3834",0,4,4,384,7
"3835",0,4,5,384,7
"3836",0,4,6,384,7
"3837",0,4,7,384,7
"3838",0,4,8,384,7
"3839",0,4,9,384,7
"3840",0,4,10,384,7
"3841",0,4,1,385,7
"3842",1,4,2,385,7
"3843",0,4,3,385,7
"3844",1,4,4,385,7
"3845",0,4,5,385,7
"3846",0,4,6,385,7
"3847",0,4,7,385,7
"3848",0,4,8,385,7
"3849",0,4,9,385,7
"3850",0,4,10,385,7
"3851",0,4,1,386,8
"3852",0,4,2,386,8
"3853",0,4,3,386,8
"3854",1,4,4,386,8
"3855",0,4,5,386,8
"3856",0,4,6,386,8
"3857",0,4,7,386,8
"3858",0,4,8,386,8
"3859",0,4,9,386,8
"3860",0,4,10,386,8
"3861",0,4,1,387,8
"3862",0,4,2,387,8
"3863",0,4,3,387,8
"3864",0,4,4,387,8
"3865",0,4,5,387,8
"3866",0,4,6,387,8
"3867",0,4,7,387,8
"3868",0,4,8,387,8
"3869",0,4,9,387,8
"3870",0,4,10,387,8
"3871",0,4,1,388,8
"3872",0,4,2,388,8
"3873",0,4,3,388,8
"3874",0,4,4,388,8
"3875",0,4,5,388,8
"3876",0,4,6,388,8
"3877",0,4,7,388,8
"3878",0,4,8,388,8
"3879",0,4,9,388,8
"3880",0,4,10,388,8
"3881",1,4,1,389,8
"3882",1,4,2,389,8
"3883",1,4,3,389,8
"3884",1,4,4,389,8
"3885",1,4,5,389,8
"3886",1,4,6,389,8
"3887",1,4,7,389,8
"3888",1,4,8,389,8
"3889",1,4,9,389,8
"3890",1,4,10,389,8
"3891",1,4,1,390,8
"3892",0,4,2,390,8
"3893",0,4,3,390,8
"3894",1,4,4,390,8
"3895",1,4,5,390,8
"3896",1,4,6,390,8
"3897",0,4,7,390,8
"3898",0,4,8,390,8
"3899",0,4,9,390,8
"3900",0,4,10,390,8
"3901",1,5,1,391,9
"3902",1,5,2,391,9
"3903",0,5,3,391,9
"3904",1,5,4,391,9
"3905",1,5,5,391,9
"3906",0,5,6,391,9
"3907",1,5,7,391,9
"3908",0,5,8,391,9
"3909",0,5,9,391,9
"3910",1,5,10,391,9
"3911",0,5,1,392,9
"3912",1,5,2,392,9
"3913",0,5,3,392,9
"3914",1,5,4,392,9
"3915",1,5,5,392,9
"3916",0,5,6,392,9
"3917",1,5,7,392,9
"3918",1,5,8,392,9
"3919",0,5,9,392,9
"3920",1,5,10,392,9
"3921",1,5,1,393,9
"3922",0,5,2,393,9
"3923",1,5,3,393,9
"3924",1,5,4,393,9
"3925",1,5,5,393,9
"3926",0,5,6,393,9
"3927",1,5,7,393,9
"3928",1,5,8,393,9
"3929",0,5,9,393,9
"3930",1,5,10,393,9
"3931",0,5,1,394,9
"3932",0,5,2,394,9
"3933",0,5,3,394,9
"3934",1,5,4,394,9
"3935",0,5,5,394,9
"3936",0,5,6,394,9
"3937",0,5,7,394,9
"3938",0,5,8,394,9
"3939",0,5,9,394,9
"3940",0,5,10,394,9
"3941",0,5,1,395,9
"3942",0,5,2,395,9
"3943",0,5,3,395,9
"3944",1,5,4,395,9
"3945",1,5,5,395,9
"3946",0,5,6,395,9
"3947",1,5,7,395,9
"3948",1,5,8,395,9
"3949",0,5,9,395,9
"3950",1,5,10,395,9
"3951",0,5,1,396,10
"3952",0,5,2,396,10
"3953",0,5,3,396,10
"3954",0,5,4,396,10
"3955",0,5,5,396,10
"3956",0,5,6,396,10
"3957",0,5,7,396,10
"3958",0,5,8,396,10
"3959",0,5,9,396,10
"3960",0,5,10,396,10
"3961",0,5,1,397,10
"3962",0,5,2,397,10
"3963",0,5,3,397,10
"3964",1,5,4,397,10
"3965",1,5,5,397,10
"3966",0,5,6,397,10
"3967",1,5,7,397,10
"3968",0,5,8,397,10
"3969",0,5,9,397,10
"3970",0,5,10,397,10
"3971",0,5,1,398,10
"3972",0,5,2,398,10
"3973",0,5,3,398,10
"3974",0,5,4,398,10
"3975",0,5,5,398,10
"3976",0,5,6,398,10
"3977",0,5,7,398,10
"3978",0,5,8,398,10
"3979",0,5,9,398,10
"3980",0,5,10,398,10
"3981",0,5,1,399,10
"3982",0,5,2,399,10
"3983",0,5,3,399,10
"3984",0,5,4,399,10
"3985",0,5,5,399,10
"3986",0,5,6,399,10
"3987",0,5,7,399,10
"3988",0,5,8,399,10
"3989",0,5,9,399,10
"3990",0,5,10,399,10
"3991",0,5,1,400,10
"3992",0,5,2,400,10
"3993",0,5,3,400,10
"3994",0,5,4,400,10
"3995",0,5,5,400,10
"3996",0,5,6,400,10
"3997",0,5,7,400,10
"3998",0,5,8,400,10
"3999",0,5,9,400,10
"4000",0,5,10,400,10
"4001",0,1,1,401,1
"4002",0,1,2,401,1
"4003",0,1,3,401,1
"4004",1,1,4,401,1
"4005",0,1,5,401,1
"4006",0,1,6,401,1
"4007",1,1,7,401,1
"4008",0,1,8,401,1
"4009",1,1,9,401,1
"4010",1,1,10,401,1
"4011",1,1,1,402,1
"4012",0,1,2,402,1
"4013",0,1,3,402,1
"4014",1,1,4,402,1
"4015",0,1,5,402,1
"4016",0,1,6,402,1
"4017",0,1,7,402,1
"4018",0,1,8,402,1
"4019",0,1,9,402,1
"4020",0,1,10,402,1
"4021",0,1,1,403,1
"4022",0,1,2,403,1
"4023",0,1,3,403,1
"4024",1,1,4,403,1
"4025",0,1,5,403,1
"4026",0,1,6,403,1
"4027",1,1,7,403,1
"4028",0,1,8,403,1
"4029",0,1,9,403,1
"4030",0,1,10,403,1
"4031",1,1,1,404,1
"4032",0,1,2,404,1
"4033",0,1,3,404,1
"4034",1,1,4,404,1
"4035",1,1,5,404,1
"4036",0,1,6,404,1
"4037",0,1,7,404,1
"4038",0,1,8,404,1
"4039",0,1,9,404,1
"4040",0,1,10,404,1
"4041",0,1,1,405,1
"4042",1,1,2,405,1
"4043",0,1,3,405,1
"4044",1,1,4,405,1
"4045",1,1,5,405,1
"4046",0,1,6,405,1
"4047",1,1,7,405,1
"4048",1,1,8,405,1
"4049",0,1,9,405,1
"4050",1,1,10,405,1
"4051",0,1,1,406,2
"4052",0,1,2,406,2
"4053",0,1,3,406,2
"4054",1,1,4,406,2
"4055",1,1,5,406,2
"4056",0,1,6,406,2
"4057",1,1,7,406,2
"4058",0,1,8,406,2
"4059",0,1,9,406,2
"4060",0,1,10,406,2
"4061",0,1,1,407,2
"4062",0,1,2,407,2
"4063",0,1,3,407,2
"4064",0,1,4,407,2
"4065",0,1,5,407,2
"4066",0,1,6,407,2
"4067",0,1,7,407,2
"4068",0,1,8,407,2
"4069",0,1,9,407,2
"4070",0,1,10,407,2
"4071",0,1,1,408,2
"4072",1,1,2,408,2
"4073",0,1,3,408,2
"4074",1,1,4,408,2
"4075",0,1,5,408,2
"4076",0,1,6,408,2
"4077",0,1,7,408,2
"4078",0,1,8,408,2
"4079",0,1,9,408,2
"4080",0,1,10,408,2
"4081",0,1,1,409,2
"4082",0,1,2,409,2
"4083",0,1,3,409,2
"4084",1,1,4,409,2
"4085",0,1,5,409,2
"4086",0,1,6,409,2
"4087",0,1,7,409,2
"4088",0,1,8,409,2
"4089",0,1,9,409,2
"4090",0,1,10,409,2
"4091",0,1,1,410,2
"4092",1,1,2,410,2
"4093",0,1,3,410,2
"4094",0,1,4,410,2
"4095",0,1,5,410,2
"4096",0,1,6,410,2
"4097",0,1,7,410,2
"4098",0,1,8,410,2
"4099",0,1,9,410,2
"4100",0,1,10,410,2
"4101",0,2,1,411,3
"4102",0,2,2,411,3
"4103",0,2,3,411,3
"4104",1,2,4,411,3
"4105",0,2,5,411,3
"4106",0,2,6,411,3
"4107",0,2,7,411,3
"4108",0,2,8,411,3
"4109",0,2,9,411,3
"4110",0,2,10,411,3
"4111",0,2,1,412,3
"4112",0,2,2,412,3
"4113",0,2,3,412,3
"4114",1,2,4,412,3
"4115",0,2,5,412,3
"4116",0,2,6,412,3
"4117",1,2,7,412,3
"4118",0,2,8,412,3
"4119",0,2,9,412,3
"4120",0,2,10,412,3
"4121",1,2,1,413,3
"4122",0,2,2,413,3
"4123",0,2,3,413,3
"4124",1,2,4,413,3
"4125",1,2,5,413,3
"4126",0,2,6,413,3
"4127",1,2,7,413,3
"4128",0,2,8,413,3
"4129",0,2,9,413,3
"4130",1,2,10,413,3
"4131",0,2,1,414,3
"4132",0,2,2,414,3
"4133",0,2,3,414,3
"4134",1,2,4,414,3
"4135",1,2,5,414,3
"4136",0,2,6,414,3
"4137",0,2,7,414,3
"4138",0,2,8,414,3
"4139",0,2,9,414,3
"4140",1,2,10,414,3
"4141",1,2,1,415,3
"4142",0,2,2,415,3
"4143",0,2,3,415,3
"4144",1,2,4,415,3
"4145",0,2,5,415,3
"4146",0,2,6,415,3
"4147",1,2,7,415,3
"4148",0,2,8,415,3
"4149",0,2,9,415,3
"4150",0,2,10,415,3
"4151",0,2,1,416,4
"4152",0,2,2,416,4
"4153",0,2,3,416,4
"4154",0,2,4,416,4
"4155",0,2,5,416,4
"4156",0,2,6,416,4
"4157",0,2,7,416,4
"4158",0,2,8,416,4
"4159",0,2,9,416,4
"4160",0,2,10,416,4
"4161",0,2,1,417,4
"4162",0,2,2,417,4
"4163",0,2,3,417,4
"4164",0,2,4,417,4
"4165",0,2,5,417,4
"4166",0,2,6,417,4
"4167",0,2,7,417,4
"4168",0,2,8,417,4
"4169",0,2,9,417,4
"4170",0,2,10,417,4
"4171",0,2,1,418,4
"4172",0,2,2,418,4
"4173",0,2,3,418,4
"4174",0,2,4,418,4
"4175",0,2,5,418,4
"4176",0,2,6,418,4
"4177",0,2,7,418,4
"4178",0,2,8,418,4
"4179",0,2,9,418,4
"4180",0,2,10,418,4
"4181",0,2,1,419,4
"4182",0,2,2,419,4
"4183",0,2,3,419,4
"4184",1,2,4,419,4
"4185",0,2,5,419,4
"4186",0,2,6,419,4
"4187",0,2,7,419,4
"4188",0,2,8,419,4
"4189",0,2,9,419,4
"4190",0,2,10,419,4
"4191",0,2,1,420,4
"4192",1,2,2,420,4
"4193",0,2,3,420,4
"4194",1,2,4,420,4
"4195",0,2,5,420,4
"4196",0,2,6,420,4
"4197",0,2,7,420,4
"4198",0,2,8,420,4
"4199",0,2,9,420,4
"4200",0,2,10,420,4
"4201",0,3,1,421,5
"4202",0,3,2,421,5
"4203",0,3,3,421,5
"4204",1,3,4,421,5
"4205",1,3,5,421,5
"4206",0,3,6,421,5
"4207",0,3,7,421,5
"4208",0,3,8,421,5
"4209",0,3,9,421,5
"4210",0,3,10,421,5
"4211",0,3,1,422,5
"4212",0,3,2,422,5
"4213",0,3,3,422,5
"4214",1,3,4,422,5
"4215",0,3,5,422,5
"4216",0,3,6,422,5
"4217",0,3,7,422,5
"4218",0,3,8,422,5
"4219",1,3,9,422,5
"4220",0,3,10,422,5
"4221",1,3,1,423,5
"4222",0,3,2,423,5
"4223",0,3,3,423,5
"4224",1,3,4,423,5
"4225",1,3,5,423,5
"4226",0,3,6,423,5
"4227",1,3,7,423,5
"4228",0,3,8,423,5
"4229",0,3,9,423,5
"4230",1,3,10,423,5
"4231",0,3,1,424,5
"4232",0,3,2,424,5
"4233",0,3,3,424,5
"4234",0,3,4,424,5
"4235",0,3,5,424,5
"4236",0,3,6,424,5
"4237",0,3,7,424,5
"4238",0,3,8,424,5
"4239",0,3,9,424,5
"4240",0,3,10,424,5
"4241",1,3,1,425,5
"4242",0,3,2,425,5
"4243",0,3,3,425,5
"4244",1,3,4,425,5
"4245",1,3,5,425,5
"4246",0,3,6,425,5
"4247",1,3,7,425,5
"4248",0,3,8,425,5
"4249",0,3,9,425,5
"4250",1,3,10,425,5
"4251",0,3,1,426,6
"4252",0,3,2,426,6
"4253",0,3,3,426,6
"4254",0,3,4,426,6
"4255",1,3,5,426,6
"4256",0,3,6,426,6
"4257",0,3,7,426,6
"4258",0,3,8,426,6
"4259",0,3,9,426,6
"4260",0,3,10,426,6
"4261",1,3,1,427,6
"4262",0,3,2,427,6
"4263",0,3,3,427,6
"4264",1,3,4,427,6
"4265",0,3,5,427,6
"4266",0,3,6,427,6
"4267",1,3,7,427,6
"4268",1,3,8,427,6
"4269",1,3,9,427,6
"4270",0,3,10,427,6
"4271",0,3,1,428,6
"4272",1,3,2,428,6
"4273",0,3,3,428,6
"4274",0,3,4,428,6
"4275",0,3,5,428,6
"4276",0,3,6,428,6
"4277",0,3,7,428,6
"4278",0,3,8,428,6
"4279",0,3,9,428,6
"4280",0,3,10,428,6
"4281",0,3,1,429,6
"4282",0,3,2,429,6
"4283",0,3,3,429,6
"4284",0,3,4,429,6
"4285",0,3,5,429,6
"4286",0,3,6,429,6
"4287",0,3,7,429,6
"4288",0,3,8,429,6
"4289",0,3,9,429,6
"4290",0,3,10,429,6
"4291",0,3,1,430,6
"4292",0,3,2,430,6
"4293",0,3,3,430,6
"4294",1,3,4,430,6
"4295",1,3,5,430,6
"4296",0,3,6,430,6
"4297",1,3,7,430,6
"4298",0,3,8,430,6
"4299",0,3,9,430,6
"4300",0,3,10,430,6
"4301",0,4,1,431,7
"4302",0,4,2,431,7
"4303",0,4,3,431,7
"4304",1,4,4,431,7
"4305",0,4,5,431,7
"4306",0,4,6,431,7
"4307",1,4,7,431,7
"4308",0,4,8,431,7
"4309",0,4,9,431,7
"4310",1,4,10,431,7
"4311",1,4,1,432,7
"4312",0,4,2,432,7
"4313",0,4,3,432,7
"4314",1,4,4,432,7
"4315",0,4,5,432,7
"4316",0,4,6,432,7
"4317",0,4,7,432,7
"4318",0,4,8,432,7
"4319",0,4,9,432,7
"4320",0,4,10,432,7
"4321",1,4,1,433,7
"4322",0,4,2,433,7
"4323",0,4,3,433,7
"4324",1,4,4,433,7
"4325",1,4,5,433,7
"4326",0,4,6,433,7
"4327",0,4,7,433,7
"4328",0,4,8,433,7
"4329",0,4,9,433,7
"4330",1,4,10,433,7
"4331",0,4,1,434,7
"4332",0,4,2,434,7
"4333",0,4,3,434,7
"4334",1,4,4,434,7
"4335",0,4,5,434,7
"4336",0,4,6,434,7
"4337",0,4,7,434,7
"4338",0,4,8,434,7
"4339",0,4,9,434,7
"4340",0,4,10,434,7
"4341",0,4,1,435,7
"4342",0,4,2,435,7
"4343",0,4,3,435,7
"4344",1,4,4,435,7
"4345",1,4,5,435,7
"4346",0,4,6,435,7
"4347",0,4,7,435,7
"4348",0,4,8,435,7
"4349",0,4,9,435,7
"4350",0,4,10,435,7
"4351",0,4,1,436,8
"4352",0,4,2,436,8
"4353",0,4,3,436,8
"4354",0,4,4,436,8
"4355",1,4,5,436,8
"4356",0,4,6,436,8
"4357",0,4,7,436,8
"4358",0,4,8,436,8
"4359",0,4,9,436,8
"4360",0,4,10,436,8
"4361",0,4,1,437,8
"4362",0,4,2,437,8
"4363",0,4,3,437,8
"4364",1,4,4,437,8
"4365",0,4,5,437,8
"4366",0,4,6,437,8
"4367",1,4,7,437,8
"4368",0,4,8,437,8
"4369",0,4,9,437,8
"4370",0,4,10,437,8
"4371",0,4,1,438,8
"4372",0,4,2,438,8
"4373",0,4,3,438,8
"4374",1,4,4,438,8
"4375",1,4,5,438,8
"4376",0,4,6,438,8
"4377",1,4,7,438,8
"4378",0,4,8,438,8
"4379",0,4,9,438,8
"4380",1,4,10,438,8
"4381",0,4,1,439,8
"4382",0,4,2,439,8
"4383",0,4,3,439,8
"4384",1,4,4,439,8
"4385",0,4,5,439,8
"4386",0,4,6,439,8
"4387",0,4,7,439,8
"4388",0,4,8,439,8
"4389",0,4,9,439,8
"4390",0,4,10,439,8
"4391",0,4,1,440,8
"4392",0,4,2,440,8
"4393",0,4,3,440,8
"4394",1,4,4,440,8
"4395",0,4,5,440,8
"4396",0,4,6,440,8
"4397",1,4,7,440,8
"4398",1,4,8,440,8
"4399",0,4,9,440,8
"4400",1,4,10,440,8
"4401",0,5,1,441,9
"4402",0,5,2,441,9
"4403",0,5,3,441,9
"4404",0,5,4,441,9
"4405",1,5,5,441,9
"4406",0,5,6,441,9
"4407",1,5,7,441,9
"4408",1,5,8,441,9
"4409",1,5,9,441,9
"4410",1,5,10,441,9
"4411",0,5,1,442,9
"4412",1,5,2,442,9
"4413",0,5,3,442,9
"4414",1,5,4,442,9
"4415",1,5,5,442,9
"4416",0,5,6,442,9
"4417",0,5,7,442,9
"4418",0,5,8,442,9
"4419",0,5,9,442,9
"4420",0,5,10,442,9
"4421",0,5,1,443,9
"4422",0,5,2,443,9
"4423",0,5,3,443,9
"4424",1,5,4,443,9
"4425",0,5,5,443,9
"4426",0,5,6,443,9
"4427",1,5,7,443,9
"4428",0,5,8,443,9
"4429",0,5,9,443,9
"4430",1,5,10,443,9
"4431",0,5,1,444,9
"4432",1,5,2,444,9
"4433",0,5,3,444,9
"4434",1,5,4,444,9
"4435",0,5,5,444,9
"4436",0,5,6,444,9
"4437",1,5,7,444,9
"4438",0,5,8,444,9
"4439",0,5,9,444,9
"4440",1,5,10,444,9
"4441",0,5,1,445,9
"4442",0,5,2,445,9
"4443",0,5,3,445,9
"4444",0,5,4,445,9
"4445",0,5,5,445,9
"4446",0,5,6,445,9
"4447",0,5,7,445,9
"4448",0,5,8,445,9
"4449",0,5,9,445,9
"4450",0,5,10,445,9
"4451",0,5,1,446,10
"4452",1,5,2,446,10
"4453",0,5,3,446,10
"4454",0,5,4,446,10
"4455",0,5,5,446,10
"4456",0,5,6,446,10
"4457",0,5,7,446,10
"4458",0,5,8,446,10
"4459",0,5,9,446,10
"4460",0,5,10,446,10
"4461",1,5,1,447,10
"4462",0,5,2,447,10
"4463",0,5,3,447,10
"4464",0,5,4,447,10
"4465",1,5,5,447,10
"4466",0,5,6,447,10
"4467",0,5,7,447,10
"4468",0,5,8,447,10
"4469",0,5,9,447,10
"4470",0,5,10,447,10
"4471",0,5,1,448,10
"4472",0,5,2,448,10
"4473",0,5,3,448,10
"4474",1,5,4,448,10
"4475",0,5,5,448,10
"4476",0,5,6,448,10
"4477",1,5,7,448,10
"4478",0,5,8,448,10
"4479",0,5,9,448,10
"4480",0,5,10,448,10
"4481",0,5,1,449,10
"4482",1,5,2,449,10
"4483",0,5,3,449,10
"4484",1,5,4,449,10
"4485",0,5,5,449,10
"4486",0,5,6,449,10
"4487",0,5,7,449,10
"4488",0,5,8,449,10
"4489",0,5,9,449,10
"4490",0,5,10,449,10
"4491",0,5,1,450,10
"4492",0,5,2,450,10
"4493",0,5,3,450,10
"4494",1,5,4,450,10
"4495",1,5,5,450,10
"4496",0,5,6,450,10
"4497",1,5,7,450,10
"4498",0,5,8,450,10
"4499",0,5,9,450,10
"4500",0,5,10,450,10
"4501",1,1,1,451,1
"4502",1,1,2,451,1
"4503",0,1,3,451,1
"4504",1,1,4,451,1
"4505",0,1,5,451,1
"4506",0,1,6,451,1
"4507",1,1,7,451,1
"4508",1,1,8,451,1
"4509",0,1,9,451,1
"4510",1,1,10,451,1
"4511",1,1,1,452,1
"4512",0,1,2,452,1
"4513",0,1,3,452,1
"4514",1,1,4,452,1
"4515",1,1,5,452,1
"4516",0,1,6,452,1
"4517",0,1,7,452,1
"4518",0,1,8,452,1
"4519",0,1,9,452,1
"4520",1,1,10,452,1
"4521",0,1,1,453,1
"4522",1,1,2,453,1
"4523",1,1,3,453,1
"4524",1,1,4,453,1
"4525",1,1,5,453,1
"4526",1,1,6,453,1
"4527",1,1,7,453,1
"4528",1,1,8,453,1
"4529",1,1,9,453,1
"4530",1,1,10,453,1
"4531",0,1,1,454,1
"4532",0,1,2,454,1
"4533",0,1,3,454,1
"4534",0,1,4,454,1
"4535",0,1,5,454,1
"4536",0,1,6,454,1
"4537",0,1,7,454,1
"4538",0,1,8,454,1
"4539",0,1,9,454,1
"4540",0,1,10,454,1
"4541",0,1,1,455,1
"4542",0,1,2,455,1
"4543",0,1,3,455,1
"4544",0,1,4,455,1
"4545",0,1,5,455,1
"4546",0,1,6,455,1
"4547",0,1,7,455,1
"4548",0,1,8,455,1
"4549",0,1,9,455,1
"4550",0,1,10,455,1
"4551",1,1,1,456,2
"4552",0,1,2,456,2
"4553",0,1,3,456,2
"4554",1,1,4,456,2
"4555",1,1,5,456,2
"4556",0,1,6,456,2
"4557",1,1,7,456,2
"4558",1,1,8,456,2
"4559",1,1,9,456,2
"4560",1,1,10,456,2
"4561",1,1,1,457,2
"4562",1,1,2,457,2
"4563",1,1,3,457,2
"4564",1,1,4,457,2
"4565",1,1,5,457,2
"4566",0,1,6,457,2
"4567",1,1,7,457,2
"4568",1,1,8,457,2
"4569",1,1,9,457,2
"4570",1,1,10,457,2
"4571",0,1,1,458,2
"4572",0,1,2,458,2
"4573",0,1,3,458,2
"4574",0,1,4,458,2
"4575",0,1,5,458,2
"4576",0,1,6,458,2
"4577",0,1,7,458,2
"4578",0,1,8,458,2
"4579",0,1,9,458,2
"4580",0,1,10,458,2
"4581",0,1,1,459,2
"4582",0,1,2,459,2
"4583",0,1,3,459,2
"4584",0,1,4,459,2
"4585",0,1,5,459,2
"4586",0,1,6,459,2
"4587",0,1,7,459,2
"4588",0,1,8,459,2
"4589",0,1,9,459,2
"4590",0,1,10,459,2
"4591",0,1,1,460,2
"4592",0,1,2,460,2
"4593",0,1,3,460,2
"4594",1,1,4,460,2
"4595",0,1,5,460,2
"4596",0,1,6,460,2
"4597",0,1,7,460,2
"4598",0,1,8,460,2
"4599",1,1,9,460,2
"4600",1,1,10,460,2
"4601",0,2,1,461,3
"4602",0,2,2,461,3
"4603",0,2,3,461,3
"4604",1,2,4,461,3
"4605",0,2,5,461,3
"4606",0,2,6,461,3
"4607",0,2,7,461,3
"4608",0,2,8,461,3
"4609",0,2,9,461,3
"4610",0,2,10,461,3
"4611",0,2,1,462,3
"4612",0,2,2,462,3
"4613",0,2,3,462,3
"4614",0,2,4,462,3
"4615",0,2,5,462,3
"4616",0,2,6,462,3
"4617",0,2,7,462,3
"4618",0,2,8,462,3
"4619",0,2,9,462,3
"4620",0,2,10,462,3
"4621",0,2,1,463,3
"4622",1,2,2,463,3
"4623",0,2,3,463,3
"4624",1,2,4,463,3
"4625",1,2,5,463,3
"4626",0,2,6,463,3
"4627",1,2,7,463,3
"4628",1,2,8,463,3
"4629",0,2,9,463,3
"4630",1,2,10,463,3
"4631",0,2,1,464,3
"4632",0,2,2,464,3
"4633",0,2,3,464,3
"4634",0,2,4,464,3
"4635",0,2,5,464,3
"4636",0,2,6,464,3
"4637",0,2,7,464,3
"4638",0,2,8,464,3
"4639",0,2,9,464,3
"4640",0,2,10,464,3
"4641",1,2,1,465,3
"4642",1,2,2,465,3
"4643",0,2,3,465,3
"4644",1,2,4,465,3
"4645",1,2,5,465,3
"4646",0,2,6,465,3
"4647",1,2,7,465,3
"4648",1,2,8,465,3
"4649",0,2,9,465,3
"4650",1,2,10,465,3
"4651",0,2,1,466,4
"4652",0,2,2,466,4
"4653",0,2,3,466,4
"4654",0,2,4,466,4
"4655",0,2,5,466,4
"4656",0,2,6,466,4
"4657",0,2,7,466,4
"4658",0,2,8,466,4
"4659",0,2,9,466,4
"4660",0,2,10,466,4
"4661",1,2,1,467,4
"4662",1,2,2,467,4
"4663",0,2,3,467,4
"4664",1,2,4,467,4
"4665",1,2,5,467,4
"4666",0,2,6,467,4
"4667",1,2,7,467,4
"4668",0,2,8,467,4
"4669",0,2,9,467,4
"4670",1,2,10,467,4
"4671",0,2,1,468,4
"4672",0,2,2,468,4
"4673",0,2,3,468,4
"4674",1,2,4,468,4
"4675",0,2,5,468,4
"4676",0,2,6,468,4
"4677",0,2,7,468,4
"4678",0,2,8,468,4
"4679",0,2,9,468,4
"4680",0,2,10,468,4
"4681",0,2,1,469,4
"4682",1,2,2,469,4
"4683",0,2,3,469,4
"4684",1,2,4,469,4
"4685",1,2,5,469,4
"4686",1,2,6,469,4
"4687",0,2,7,469,4
"4688",1,2,8,469,4
"4689",1,2,9,469,4
"4690",1,2,10,469,4
"4691",0,2,1,470,4
"4692",0,2,2,470,4
"4693",0,2,3,470,4
"4694",0,2,4,470,4
"4695",0,2,5,470,4
"4696",0,2,6,470,4
"4697",0,2,7,470,4
"4698",0,2,8,470,4
"4699",0,2,9,470,4
"4700",0,2,10,470,4
"4701",0,3,1,471,5
"4702",0,3,2,471,5
"4703",0,3,3,471,5
"4704",1,3,4,471,5
"4705",0,3,5,471,5
"4706",0,3,6,471,5
"4707",0,3,7,471,5
"4708",0,3,8,471,5
"4709",0,3,9,471,5
"4710",0,3,10,471,5
"4711",0,3,1,472,5
"4712",1,3,2,472,5
"4713",0,3,3,472,5
"4714",1,3,4,472,5
"4715",1,3,5,472,5
"4716",0,3,6,472,5
"4717",1,3,7,472,5
"4718",1,3,8,472,5
"4719",0,3,9,472,5
"4720",1,3,10,472,5
"4721",0,3,1,473,5
"4722",0,3,2,473,5
"4723",0,3,3,473,5
"4724",0,3,4,473,5
"4725",0,3,5,473,5
"4726",0,3,6,473,5
"4727",0,3,7,473,5
"4728",0,3,8,473,5
"4729",0,3,9,473,5
"4730",0,3,10,473,5
"4731",0,3,1,474,5
"4732",0,3,2,474,5
"4733",0,3,3,474,5
"4734",0,3,4,474,5
"4735",0,3,5,474,5
"4736",0,3,6,474,5
"4737",0,3,7,474,5
"4738",0,3,8,474,5
"4739",0,3,9,474,5
"4740",0,3,10,474,5
"4741",0,3,1,475,5
"4742",0,3,2,475,5
"4743",0,3,3,475,5
"4744",1,3,4,475,5
"4745",0,3,5,475,5
"4746",0,3,6,475,5
"4747",0,3,7,475,5
"4748",0,3,8,475,5
"4749",0,3,9,475,5
"4750",0,3,10,475,5
"4751",0,3,1,476,6
"4752",1,3,2,476,6
"4753",0,3,3,476,6
"4754",1,3,4,476,6
"4755",1,3,5,476,6
"4756",0,3,6,476,6
"4757",1,3,7,476,6
"4758",1,3,8,476,6
"4759",0,3,9,476,6
"4760",1,3,10,476,6
"4761",0,3,1,477,6
"4762",0,3,2,477,6
"4763",0,3,3,477,6
"4764",0,3,4,477,6
"4765",0,3,5,477,6
"4766",0,3,6,477,6
"4767",0,3,7,477,6
"4768",0,3,8,477,6
"4769",0,3,9,477,6
"4770",0,3,10,477,6
"4771",0,3,1,478,6
"4772",0,3,2,478,6
"4773",0,3,3,478,6
"4774",0,3,4,478,6
"4775",0,3,5,478,6
"4776",0,3,6,478,6
"4777",0,3,7,478,6
"4778",0,3,8,478,6
"4779",0,3,9,478,6
"4780",0,3,10,478,6
"4781",1,3,1,479,6
"4782",0,3,2,479,6
"4783",0,3,3,479,6
"4784",1,3,4,479,6
"4785",0,3,5,479,6
"4786",0,3,6,479,6
"4787",1,3,7,479,6
"4788",0,3,8,479,6
"4789",0,3,9,479,6
"4790",1,3,10,479,6
"4791",0,3,1,480,6
"4792",0,3,2,480,6
"4793",0,3,3,480,6
"4794",0,3,4,480,6
"4795",0,3,5,480,6
"4796",0,3,6,480,6
"4797",0,3,7,480,6
"4798",0,3,8,480,6
"4799",0,3,9,480,6
"4800",0,3,10,480,6
"4801",0,4,1,481,7
"4802",0,4,2,481,7
"4803",0,4,3,481,7
"4804",0,4,4,481,7
"4805",0,4,5,481,7
"4806",0,4,6,481,7
"4807",0,4,7,481,7
"4808",0,4,8,481,7
"4809",0,4,9,481,7
"4810",0,4,10,481,7
"4811",0,4,1,482,7
"4812",0,4,2,482,7
"4813",0,4,3,482,7
"4814",0,4,4,482,7
"4815",0,4,5,482,7
"4816",0,4,6,482,7
"4817",0,4,7,482,7
"4818",0,4,8,482,7
"4819",0,4,9,482,7
"4820",0,4,10,482,7
"4821",0,4,1,483,7
"4822",0,4,2,483,7
"4823",0,4,3,483,7
"4824",0,4,4,483,7
"4825",0,4,5,483,7
"4826",0,4,6,483,7
"4827",0,4,7,483,7
"4828",0,4,8,483,7
"4829",0,4,9,483,7
"4830",0,4,10,483,7
"4831",0,4,1,484,7
"4832",0,4,2,484,7
"4833",0,4,3,484,7
"4834",1,4,4,484,7
"4835",0,4,5,484,7
"4836",0,4,6,484,7
"4837",0,4,7,484,7
"4838",0,4,8,484,7
"4839",0,4,9,484,7
"4840",0,4,10,484,7
"4841",0,4,1,485,7
"4842",0,4,2,485,7
"4843",0,4,3,485,7
"4844",0,4,4,485,7
"4845",0,4,5,485,7
"4846",0,4,6,485,7
"4847",0,4,7,485,7
"4848",0,4,8,485,7
"4849",0,4,9,485,7
"4850",0,4,10,485,7
"4851",0,4,1,486,8
"4852",0,4,2,486,8
"4853",0,4,3,486,8
"4854",0,4,4,486,8
"4855",0,4,5,486,8
"4856",0,4,6,486,8
"4857",0,4,7,486,8
"4858",0,4,8,486,8
"4859",0,4,9,486,8
"4860",0,4,10,486,8
"4861",1,4,1,487,8
"4862",0,4,2,487,8
"4863",0,4,3,487,8
"4864",1,4,4,487,8
"4865",1,4,5,487,8
"4866",0,4,6,487,8
"4867",1,4,7,487,8
"4868",1,4,8,487,8
"4869",0,4,9,487,8
"4870",1,4,10,487,8
"4871",1,4,1,488,8
"4872",1,4,2,488,8
"4873",1,4,3,488,8
"4874",1,4,4,488,8
"4875",1,4,5,488,8
"4876",1,4,6,488,8
"4877",1,4,7,488,8
"4878",1,4,8,488,8
"4879",1,4,9,488,8
"4880",1,4,10,488,8
"4881",0,4,1,489,8
"4882",0,4,2,489,8
"4883",0,4,3,489,8
"4884",0,4,4,489,8
"4885",0,4,5,489,8
"4886",0,4,6,489,8
"4887",0,4,7,489,8
"4888",0,4,8,489,8
"4889",0,4,9,489,8
"4890",0,4,10,489,8
"4891",1,4,1,490,8
"4892",1,4,2,490,8
"4893",1,4,3,490,8
"4894",1,4,4,490,8
"4895",1,4,5,490,8
"4896",1,4,6,490,8
"4897",1,4,7,490,8
"4898",1,4,8,490,8
"4899",0,4,9,490,8
"4900",1,4,10,490,8
"4901",0,5,1,491,9
"4902",0,5,2,491,9
"4903",0,5,3,491,9
"4904",0,5,4,491,9
"4905",0,5,5,491,9
"4906",0,5,6,491,9
"4907",0,5,7,491,9
"4908",0,5,8,491,9
"4909",0,5,9,491,9
"4910",0,5,10,491,9
"4911",0,5,1,492,9
"4912",0,5,2,492,9
"4913",0,5,3,492,9
"4914",1,5,4,492,9
"4915",0,5,5,492,9
"4916",0,5,6,492,9
"4917",0,5,7,492,9
"4918",0,5,8,492,9
"4919",0,5,9,492,9
"4920",0,5,10,492,9
"4921",0,5,1,493,9
"4922",0,5,2,493,9
"4923",0,5,3,493,9
"4924",0,5,4,493,9
"4925",0,5,5,493,9
"4926",0,5,6,493,9
"4927",0,5,7,493,9
"4928",0,5,8,493,9
"4929",0,5,9,493,9
"4930",0,5,10,493,9
"4931",1,5,1,494,9
"4932",1,5,2,494,9
"4933",1,5,3,494,9
"4934",1,5,4,494,9
"4935",1,5,5,494,9
"4936",1,5,6,494,9
"4937",1,5,7,494,9
"4938",1,5,8,494,9
"4939",0,5,9,494,9
"4940",1,5,10,494,9
"4941",1,5,1,495,9
"4942",1,5,2,495,9
"4943",1,5,3,495,9
"4944",1,5,4,495,9
"4945",1,5,5,495,9
"4946",1,5,6,495,9
"4947",1,5,7,495,9
"4948",1,5,8,495,9
"4949",1,5,9,495,9
"4950",1,5,10,495,9
"4951",0,5,1,496,10
"4952",0,5,2,496,10
"4953",0,5,3,496,10
"4954",0,5,4,496,10
"4955",0,5,5,496,10
"4956",0,5,6,496,10
"4957",0,5,7,496,10
"4958",0,5,8,496,10
"4959",0,5,9,496,10
"4960",0,5,10,496,10
"4961",0,5,1,497,10
"4962",0,5,2,497,10
"4963",0,5,3,497,10
"4964",0,5,4,497,10
"4965",0,5,5,497,10
"4966",0,5,6,497,10
"4967",0,5,7,497,10
"4968",0,5,8,497,10
"4969",0,5,9,497,10
"4970",0,5,10,497,10
"4971",0,5,1,498,10
"4972",1,5,2,498,10
"4973",0,5,3,498,10
"4974",0,5,4,498,10
"4975",0,5,5,498,10
"4976",0,5,6,498,10
"4977",0,5,7,498,10
"4978",0,5,8,498,10
"4979",0,5,9,498,10
"4980",0,5,10,498,10
"4981",0,5,1,499,10
"4982",0,5,2,499,10
"4983",0,5,3,499,10
"4984",0,5,4,499,10
"4985",0,5,5,499,10
"4986",0,5,6,499,10
"4987",0,5,7,499,10
"4988",0,5,8,499,10
"4989",0,5,9,499,10
"4990",0,5,10,499,10
"4991",1,5,1,500,10
"4992",1,5,2,500,10
"4993",1,5,3,500,10
"4994",1,5,4,500,10
"4995",1,5,5,500,10
"4996",1,5,6,500,10
"4997",1,5,7,500,10
"4998",1,5,8,500,10
"4999",1,5,9,500,10
"5000",1,5,10,500,10
